iso3;name_en;name_fr;name_native;iso2;borders;flag;latlng;wikidata;bologne;embassy;arab_world;central_europe_and_the_baltics;east_asia_pacific;euro_area;europe_central_asia;european_union;high_income;latin_america_caribbean;low_income;lower_middle_income;middle_east_north_africa;north_america;oecd_members;sub_saharan_africa;upper_middle_income;world;link;website;south_america;central_america_caraibes;cocac;continental_europe;asia_oceania;cf_mobility;idPaysage;curiexplore;idh_group;idh_group_countries;ue27;g7;g20
ABW;Aruba;Aruba;Aruba;AW;;https://upload.wikimedia.org/wikipedia/commons/f/f6/Flag_of_Aruba.svg;12.5, -69.96666666;;False;False;False;False;False;False;False;False;True;True;False;False;False;False;False;False;False;True;;;False;False;False;False;False;;;;;;False;False;False
BEL;Belgium;Belgique;België;BE;FRA,DEU,LUX,NLD;https://upload.wikimedia.org/wikipedia/commons/6/65/Flag_of_Belgium.svg;50.83333333, 4.0;Q31;True;True;False;False;False;True;True;True;True;False;False;False;False;False;True;False;False;True;https://www.diplomatie.gouv.fr/spip.php?page=mfe_imprime_fiche&id_rubrique=12208&titre=fran%C3%A7aises;https://be.ambafrance.org/;False;False;True;False;False;https://ressources.campusfrance.org/publications/mobilite_pays/fr/belgique_fr.pdf;xy2Tz;True;Indice de développement humain très élevé;FIN,SGP,NZL,CAN;True;False;False
BEN;Benin;Bénin;Bénin;BJ;BFA,NER,NGA,TGO;https://upload.wikimedia.org/wikipedia/commons/0/0a/Flag_of_Benin.svg;9.5, 2.25;Q962;False;True;False;False;False;False;False;False;False;False;True;False;False;False;False;True;False;True;https://www.diplomatie.gouv.fr/spip.php?page=mfe_imprime_fiche&id_rubrique=12210&titre=fran%C3%A7aises;https://bj.ambafrance.org;False;False;True;False;False;;L5m7e;True;Indice de développement humain faible;NGA,RWA,UGA,LSO;False;False;False
BGR;Bulgaria;Bulgarie;България;BG;GRC,MKD,ROU,SRB,TUR;https://upload.wikimedia.org/wikipedia/commons/9/9a/Flag_of_Bulgaria.svg;43.0, 25.0;Q219;True;True;False;True;False;False;True;True;False;False;False;False;False;False;False;False;True;True;https://www.diplomatie.gouv.fr/spip.php?page=mfe_imprime_fiche&id_rubrique=12216&titre=fran%C3%A7aises;https://bg.ambafrance.org/;False;False;True;False;False;https://ressources.campusfrance.org/publications/mobilite_pays/fr/bulgarie_fr.pdf;PTXyR;True;Indice de développement humain élevé;ALB,GRD,BRB,ATG;True;False;False
BLR;Belarus;Biélorussie;Белару́сь;BY;LVA,LTU,POL,RUS,UKR;https://upload.wikimedia.org/wikipedia/commons/8/85/Flag_of_Belarus.svg;53.0, 28.0;Q184;True;True;False;False;False;False;True;False;False;False;False;False;False;False;False;False;True;True;https://www.diplomatie.gouv.fr/spip.php?page=mfe_imprime_fiche&id_rubrique=12211&titre=fran%C3%A7aises;https://by.ambafrance.org/;False;False;False;True;False;;KMyC2;True;Indice de développement humain très élevé;CRI,URY,PAN,MYS;False;False;False
BOL;Bolivia;Bolivie;Bolivia;BO;ARG,BRA,CHL,PRY,PER;https://upload.wikimedia.org/wikipedia/commons/b/b3/Bandera_de_Bolivia_%28Estado%29.svg;-17.0, -65.0;Q750;False;True;False;False;False;False;False;False;False;True;False;True;False;False;False;False;False;True;https://www.diplomatie.gouv.fr/spip.php?page=mfe_imprime_fiche&id_rubrique=12214&titre=fran%C3%A7aises;https://bo.ambafrance.org/;True;False;True;False;False;;5icDM;True;Indice de développement humain moyen;PHL,BWA,KGZ,VEN;False;False;False
BRN;Brunei Darussalam;Brunei;Negara Brunei Darussalam;BN;MYS;https://upload.wikimedia.org/wikipedia/commons/9/9c/Flag_of_Brunei.svg;4.5, 114.66666666;Q921;False;True;False;False;True;False;False;False;True;False;False;False;False;False;False;False;False;True;https://www.diplomatie.gouv.fr/spip.php?page=mfe_imprime_fiche&id_rubrique=12213&titre=fran%C3%A7aises;https://bn.ambafrance.org/;False;False;False;False;True;;;;Indice de développement humain très élevé;MNE,KWT,RUS,ROU;False;False;False
CAN;Canada;Canada;Canada;CA;USA;https://upload.wikimedia.org/wikipedia/commons/d/d9/Flag_of_Canada_%28Pantone%29.svg;60.0, -95.0;Q16;False;True;False;False;False;False;False;False;True;False;False;False;False;True;True;False;False;True;https://www.diplomatie.gouv.fr/spip.php?page=mfe_imprime_fiche&id_rubrique=12222&titre=fran%C3%A7aises;https://ca.ambafrance.org/;False;False;True;False;False;https://ressources.campusfrance.org/publications/mobilite_pays/fr/canada_fr.pdf;Tulp5;True;Indice de développement humain très élevé;BEL,NZL,LIE,LUX;False;True;True
COM;Comoros;Comores;Komori;KM;MDG,MOZ,TZA;https://upload.wikimedia.org/wikipedia/commons/9/94/Flag_of_the_Comoros.svg;-12.16666666, 44.25;Q970;False;True;True;False;False;False;False;False;False;False;False;True;False;False;False;True;False;True;https://www.diplomatie.gouv.fr/spip.php?page=mfe_imprime_fiche&id_rubrique=12229&titre=fran%C3%A7aises;https://km.ambafrance.org/;False;False;True;False;False;;Zfdk5;True;Indice de développement humain moyen;ZMB,SLB,PNG,MRT;False;False;False
CYM;Cayman Islands;Îles Caïmans;Cayman Islands;KY;;https://upload.wikimedia.org/wikipedia/commons/0/0f/Flag_of_the_Cayman_Islands.svg;19.5, -80.5;;False;False;False;False;False;False;False;False;True;True;False;False;False;False;False;False;False;True;;;False;False;False;False;False;;;;;;False;False;False
CYP;Cyprus;Chypre;Κύπρος;CY;GBR;https://upload.wikimedia.org/wikipedia/commons/d/d4/Flag_of_Cyprus.svg;35.0, 33.0;Q229;True;True;False;False;False;True;True;True;True;False;False;False;False;False;False;False;False;True;https://www.diplomatie.gouv.fr/spip.php?page=mfe_imprime_fiche&id_rubrique=12227&titre=fran%C3%A7aises;https://cy.ambafrance.org/;False;False;True;False;False;https://ressources.campusfrance.org/publications/mobilite_pays/fr/chypre_fr.pdf;28s7R;True;Indice de développement humain très élevé;ESP,FRA,ITA,EST;True;False;False
FSM;Micronesia;Micronésie;Micronesia;FM;;https://upload.wikimedia.org/wikipedia/commons/e/e4/Flag_of_the_Federated_States_of_Micronesia.svg;6.91666666, 158.25;;False;False;False;False;True;False;False;False;False;False;False;True;False;False;False;False;False;True;;;False;False;False;False;True;;;;Indice de développement humain moyen;IND,GHA,GTM,KIR;False;False;False
GIB;Gibraltar;Gibraltar;Gibraltar;GI;ESP;https://upload.wikimedia.org/wikipedia/commons/0/02/Flag_of_Gibraltar.svg;36.13333333, -5.35;;False;False;False;False;False;False;True;False;True;False;False;False;False;False;False;False;False;True;;;False;False;False;False;False;;;;;;False;False;False
GNB;Guinea-Bissau;Guinée-Bissau;Guiné-Bissau;GW;GIN,SEN;https://upload.wikimedia.org/wikipedia/commons/0/01/Flag_of_Guinea-Bissau.svg;12.0, -15.0;Q1007;False;True;False;False;False;False;False;False;False;False;True;False;False;False;False;True;False;True;https://www.diplomatie.gouv.fr/spip.php?page=mfe_imprime_fiche&id_rubrique=12257&titre=fran%C3%A7aises;https://gw.ambafrance.org/;False;False;True;False;False;;nFNYI;True;Indice de développement humain faible;ETH,ERI,LBR,COD;False;False;False
GRC;Greece;Grèce;Ελλάδα;GR;ALB,BGR,TUR,MKD;https://upload.wikimedia.org/wikipedia/commons/5/5c/Flag_of_Greece.svg;39.0, 22.0;Q41;True;True;False;False;False;True;True;True;True;False;False;False;False;False;True;False;False;True;https://www.diplomatie.gouv.fr/spip.php?page=mfe_imprime_fiche&id_rubrique=12253&titre=fran%C3%A7aises;https://gr.ambafrance.org/;False;False;True;False;False;https://ressources.campusfrance.org/publications/mobilite_pays/fr/grece_fr.pdf;tTAIF;True;Indice de développement humain très élevé;EST,CZE,POL,BHR;True;False;False
GRD;Grenada;Grenade;Grenada;GD;;https://upload.wikimedia.org/wikipedia/commons/b/bc/Flag_of_Grenada.svg;12.11666666, -61.66666666;;False;False;False;False;False;False;False;False;False;True;False;False;False;False;False;False;True;True;;;False;True;False;False;False;;;;Indice de développement humain élevé;ALB,BGR,BRB,ATG;False;False;False
IND;India;Inde;भारत;IN;AFG,BGD,BTN,MMR,CHN,NPL,PAK,LKA;https://upload.wikimedia.org/wikipedia/en/4/41/Flag_of_India.svg;20.0, 77.0;Q668;False;True;False;False;False;False;False;False;False;False;False;True;False;False;False;False;False;True;https://www.diplomatie.gouv.fr/spip.php?page=mfe_imprime_fiche&id_rubrique=12259&titre=fran%C3%A7aises;https://in.ambafrance.org/-Ambassade-de-France-a-New-Delhi-;False;False;True;False;True;https://ressources.campusfrance.org/publications/mobilite_pays/fr/inde_fr.pdf;E1muw;True;Indice de développement humain moyen;TUV,MHL,GHA,FSM;False;False;True
LBY;Libya;Libye;‏ليبيا;LY;DZA,TCD,EGY,NER,SDN,TUN;https://upload.wikimedia.org/wikipedia/commons/0/05/Flag_of_Libya.svg;25.0, 17.0;Q1016;False;True;True;False;False;False;False;False;False;False;False;False;True;False;False;False;True;True;https://www.diplomatie.gouv.fr/spip.php?page=mfe_imprime_fiche&id_rubrique=12278&titre=fran%C3%A7aises;https://ly.ambafrance.org/;False;False;True;False;False;;2u6GJ;True;Indice de développement humain élevé;DMA,JOR,PRY,PSE;False;False;False
LCA;Saint Lucia;Sainte-Lucie;Saint Lucia;LC;;https://upload.wikimedia.org/wikipedia/commons/9/9f/Flag_of_Saint_Lucia.svg;13.88333333, -60.96666666;Q760;False;True;False;False;False;False;False;False;False;True;False;False;False;False;False;False;True;True;;;False;True;False;False;False;;h69KR;True;Indice de développement humain élevé;PRY,PSE,GUY,ZAF;False;False;False
LVA;Latvia;Lettonie;Latvija;LV;BLR,EST,LTU,RUS;https://upload.wikimedia.org/wikipedia/commons/8/84/Flag_of_Latvia.svg;57.0, 25.0;Q211;True;True;False;True;False;True;True;True;True;False;False;False;False;False;True;False;False;True;https://www.diplomatie.gouv.fr/spip.php?page=mfe_imprime_fiche&id_rubrique=12276&titre=fran%C3%A7aises;https://lv.ambafrance.org/;False;False;True;False;False;https://ressources.campusfrance.org/publications/mobilite_pays/fr/lettonie_fr.pdf;zS1Kn;True;Indice de développement humain très élevé;SAU,PRT,AND,HRV;True;False;False
MAR;Morocco;Maroc;المغرب;MA;DZA,ESH,ESP;https://upload.wikimedia.org/wikipedia/commons/2/2c/Flag_of_Morocco.svg;32.0, -5.0;Q1028;False;True;True;False;False;False;False;False;False;False;False;True;True;False;False;False;False;True;https://www.diplomatie.gouv.fr/spip.php?page=mfe_imprime_fiche&id_rubrique=12289&titre=fran%C3%A7aises;https://ma.ambafrance.org/;False;False;True;False;False;https://ressources.campusfrance.org/publications/mobilite_pays/fr/maroc_fr.pdf;lcg2x;True;Indice de développement humain moyen;TJK,BLZ,SLV,NIC;False;False;False
MDA;Moldova;Moldavie;Moldova;MD;ROU,UKR;https://upload.wikimedia.org/wikipedia/commons/2/27/Flag_of_Moldova.svg;47.0, 29.0;Q217;True;True;False;False;False;False;True;False;False;False;False;True;False;False;False;False;False;True;https://www.diplomatie.gouv.fr/spip.php?page=mfe_imprime_fiche&id_rubrique=12293&titre=fran%C3%A7aises;https://md.ambafrance.org/;False;False;False;True;False;;;;Indice de développement humain élevé;CHN,DOM,PLW,CUB;False;False;False
MDG;Madagascar;Madagascar;Madagasikara;MG;COM,ZAF,MOZ,SWZ;https://upload.wikimedia.org/wikipedia/commons/b/bc/Flag_of_Madagascar.svg;-20.0, 47.0;Q1019;False;True;False;False;False;False;False;False;False;False;True;False;False;False;False;True;False;True;https://www.diplomatie.gouv.fr/spip.php?page=mfe_imprime_fiche&id_rubrique=12283&titre=fran%C3%A7aises;https://mg.ambafrance.org/;False;False;True;False;False;;eCixT;True;Indice de développement humain faible;DJI,SDN,GMB,ETH;False;False;False
MLI;Mali;Mali;Mali;ML;DZA,BFA,GIN,CIV,MRT,NER,SEN;https://upload.wikimedia.org/wikipedia/commons/9/92/Flag_of_Mali.svg;17.0, -4.0;Q912;False;True;False;False;False;False;False;False;False;False;True;False;False;False;False;True;False;True;https://www.diplomatie.gouv.fr/spip.php?page=mfe_imprime_fiche&id_rubrique=12287&titre=fran%C3%A7aises;https://ml.ambafrance.org/;False;False;True;False;False;;HcnIy;True;Indice de développement humain faible;BFA,MOZ,BDI,CAF;False;False;False
MNG;Mongolia;Mongolie;Монгол улс;MN;CHN,RUS;https://upload.wikimedia.org/wikipedia/commons/4/4c/Flag_of_Mongolia.svg;46.0, 105.0;Q711;False;True;False;False;True;False;False;False;False;False;False;True;False;False;False;False;False;True;https://www.diplomatie.gouv.fr/spip.php?page=mfe_imprime_fiche&id_rubrique=12295&titre=fran%C3%A7aises;https://mn.ambafrance.org;False;False;False;False;True;;Beq89;True;Indice de développement humain élevé;TKM,ECU,EGY,TUN;False;False;False
MNP;Northern Mariana Islands;Îles Mariannes du Nord;Northern Mariana Islands;MP;;https://upload.wikimedia.org/wikipedia/commons/e/e0/Flag_of_the_Northern_Mariana_Islands.svg;15.2, 145.75;;False;False;False;False;True;False;False;False;True;False;False;False;False;False;False;False;False;True;;;False;False;False;False;False;;;;;;False;False;False
MOZ;Mozambique;Mozambique;Moçambique;MZ;MWI,ZAF,SWZ,TZA,ZMB,ZWE;https://upload.wikimedia.org/wikipedia/commons/d/d0/Flag_of_Mozambique.svg;-18.25, 35.0;Q1029;False;True;False;False;False;False;False;False;False;False;True;False;False;False;False;True;False;True;https://www.diplomatie.gouv.fr/spip.php?page=mfe_imprime_fiche&id_rubrique=12296&titre=fran%C3%A7aises;https://mz.ambafrance.org/;False;False;True;False;False;;2D4De;True;Indice de développement humain faible;YEM,BFA,MLI,BDI;False;False;False
MUS;Mauritius;Ile Maurice;Maurice;MU;;https://upload.wikimedia.org/wikipedia/commons/7/77/Flag_of_Mauritius.svg;-20.28333333, 57.55;Q1027;False;True;False;False;False;False;False;False;False;False;False;False;False;False;False;True;True;True;https://www.diplomatie.gouv.fr/spip.php?page=mfe_imprime_fiche&id_rubrique=12290&titre=fran%C3%A7aises;https://mu.ambafrance.org;False;False;True;False;False;;nhW24;True;Indice de développement humain très élevé;MYS,GEO,SRB,THA;False;False;False
PRK;North Korea;Corée du Nord;북한;KP;CHN,KOR,RUS;https://upload.wikimedia.org/wikipedia/commons/5/51/Flag_of_North_Korea.svg;40.0, 127.0;;False;False;False;False;True;False;False;False;False;False;True;False;False;False;False;False;False;True;;;False;False;False;False;True;;;;;;False;False;False
SDN;Sudan;Soudan;السودان;SD;CAF,TCD,EGY,ERI,ETH,LBY,SSD;https://upload.wikimedia.org/wikipedia/commons/0/01/Flag_of_Sudan.svg;15.0, 30.0;Q1049;False;True;True;False;False;False;False;False;False;False;False;True;False;False;False;True;False;True;;;False;False;True;False;False;;p6494;True;Indice de développement humain faible;SEN,DJI,MDG,GMB;False;False;False
SLE;Sierra Leone;Sierra Leone;Sierra Leone;SL;GIN,LBR;https://upload.wikimedia.org/wikipedia/commons/1/17/Flag_of_Sierra_Leone.svg;8.5, -11.5;Q1044;False;True;False;False;False;False;False;False;False;False;True;False;False;False;False;True;False;True;;;False;False;False;False;False;;g2NnF;True;Indice de développement humain faible;COD,AFG,GIN,YEM;False;False;False
SSD;South Sudan;Soudan du Sud;South Sudan;SS;CAF,COD,ETH,KEN,SDN,UGA;https://flagcdn.com/ss.svg;7.0, 30.0;Q958;False;True;False;False;False;False;False;False;False;False;True;False;False;False;False;True;False;True;;;False;False;False;False;False;;;;Indice de développement humain faible;BDI,CAF,NER,TCD;False;False;False
TLS;Timor-Leste;Timor oriental;Timor-Leste;TL;IDN;https://upload.wikimedia.org/wikipedia/commons/2/26/Flag_of_East_Timor.svg;-8.83333333, 125.91666666;Q574;False;True;False;False;True;False;False;False;False;False;False;True;False;False;False;False;False;True;;;False;False;False;False;True;;;;Indice de développement humain moyen;NAM,LAO,VUT,NPL;False;False;False
TTO;Trinidad and Tobago;Trinité et Tobago;Trinidad and Tobago;TT;;https://upload.wikimedia.org/wikipedia/commons/6/64/Flag_of_Trinidad_and_Tobago.svg;11.0, -61.0;Q754;False;True;False;False;False;False;False;False;True;True;False;False;False;False;False;False;False;True;;;False;True;False;False;False;;;;Indice de développement humain très élevé;BHS,KAZ,CRI,URY;False;False;False
VNM;Viet Nam;Viêt Nam;Việt Nam;VN;KHM,CHN,LAO;https://upload.wikimedia.org/wikipedia/commons/2/21/Flag_of_Vietnam.svg;16.16666666, 107.83333333;Q881;False;True;False;False;True;False;False;False;False;False;False;True;False;False;False;False;False;True;;;False;False;True;False;True;https://ressources.campusfrance.org/publications/mobilite_pays/fr/vietnam_fr.pdf;Bc5DH;True;Indice de développement humain élevé;WSM,GAB,LBN,IDN;False;False;False
AGO;Angola;Angola;Angola;AO;COG,COD,ZMB,NAM;https://upload.wikimedia.org/wikipedia/commons/9/9d/Flag_of_Angola.svg;-12.5, 18.5;Q916;False;True;False;False;False;False;False;False;False;False;False;True;False;False;False;True;False;True;https://www.diplomatie.gouv.fr/spip.php?page=mfe_imprime_fiche&id_rubrique=12198&titre=fran%C3%A7aises;https://ao.ambafrance.org/;False;False;True;False;False;;3pKm9;True;Indice de développement humain moyen;KHM,ZWE,MMR,SYR;False;False;False
ALB;Albania;Albanie;Shqipëria;AL;MNE,GRC,MKD,KOS;https://upload.wikimedia.org/wikipedia/commons/3/36/Flag_of_Albania.svg;41.0, 20.0;Q222;True;True;False;False;False;False;True;False;False;False;False;False;False;False;False;False;True;True;https://www.diplomatie.gouv.fr/spip.php?page=mfe_imprime_fiche&id_rubrique=12194&titre=fran%C3%A7aises;https://al.ambafrance.org;False;False;True;True;False;https://ressources.campusfrance.org/publications/mobilite_pays/fr/albanie_fr.pdf;O3O7h;True;Indice de développement humain élevé;BGR,GRD,BRB,ATG;False;False;False
BLZ;Belize;Belize;Belize;BZ;GTM,MEX;https://upload.wikimedia.org/wikipedia/commons/e/e7/Flag_of_Belize.svg;17.25, -88.75;;False;False;False;False;False;False;False;False;False;True;False;False;False;False;False;False;True;True;https://www.diplomatie.gouv.fr/spip.php?page=mfe_imprime_fiche&id_rubrique=12209&titre=fran%C3%A7aises;https://gt.ambafrance.org/;False;True;False;False;False;;;;Indice de développement humain moyen;IRQ,TJK,MAR,SLV;False;False;False
BRB;Barbados;Barbade;Barbados;BB;;https://upload.wikimedia.org/wikipedia/commons/e/ef/Flag_of_Barbados.svg;13.16666666, -59.53333333;Q244;False;True;False;False;False;False;False;False;True;True;False;False;False;False;False;False;False;True;;;False;True;False;False;False;;;;Indice de développement humain élevé;BGR,GRD,ATG,SYC;False;False;False
BTN;Bhutan;Bhoutan;ʼbrug-yul;BT;CHN,IND;https://upload.wikimedia.org/wikipedia/commons/9/91/Flag_of_Bhutan.svg;27.5, 90.5;;False;False;False;False;False;False;False;False;False;False;False;True;False;False;False;False;False;True;;;False;False;False;False;True;;;;Indice de développement humain moyen;SLV,NIC,CPV,BGD;False;False;False
BWA;Botswana;Botswana;Botswana;BW;NAM,ZAF,ZMB,ZWE;https://upload.wikimedia.org/wikipedia/commons/f/fa/Flag_of_Botswana.svg;-22.0, 24.0;Q963;False;True;False;False;False;False;False;False;False;False;False;False;False;False;False;True;True;True;https://www.diplomatie.gouv.fr/spip.php?page=mfe_imprime_fiche&id_rubrique=12218&titre=fran%C3%A7aises;https://bw.ambafrance.org/;False;False;False;False;False;;;;Indice de développement humain moyen;PHL,BOL,KGZ,VEN;False;False;False
CAF;Central African Republic;République centrafricaine;Ködörösêse tî Bêafrîka;CF;CMR,TCD,COD,COG,SSD,SDN;https://upload.wikimedia.org/wikipedia/commons/6/6f/Flag_of_the_Central_African_Republic.svg;7.0, 21.0;Q929;False;True;False;False;False;False;False;False;False;False;True;False;False;False;False;True;False;True;https://www.diplomatie.gouv.fr/spip.php?page=mfe_imprime_fiche&id_rubrique=12224&titre=fran%C3%A7aises;https://cf.ambafrance.org/;False;False;True;False;False;;a9p1d;True;Indice de développement humain faible;MLI,BDI,NER,TCD;False;False;False
CHE;Switzerland;Suisse;Schweiz;CH;AUT,FRA,ITA,LIE,DEU;https://upload.wikimedia.org/wikipedia/commons/f/f3/Flag_of_Switzerland.svg;47.0, 8.0;Q39;True;True;False;False;False;False;True;True;True;False;False;False;False;False;True;False;False;True;;;False;False;True;False;False;;rZ8E5;True;Indice de développement humain très élevé;NOR,ISL,HKG,AUS;False;False;False
CIV;Côte dIvoire;Côte dIvoire;Côte dIvoire;CI;BFA,GHA,GIN,LBR,MLI;https://upload.wikimedia.org/wikipedia/commons/f/fe/Flag_of_C%C3%B4te_d%27Ivoire.svg;8.0, -5.0;Q1008;False;True;False;False;False;False;False;False;False;False;False;True;False;False;False;True;False;True;https://www.diplomatie.gouv.fr/spip.php?page=mfe_imprime_fiche&id_rubrique=12233&titre=fran%C3%A7aises;https://ci.ambafrance.org/;False;False;True;False;False;https://ressources.campusfrance.org/publications/mobilite_pays/fr/cote_ivoire_fr.pdf;z8cs3;True;Indice de développement humain moyen;SLB,COM,PNG,MRT;False;False;False
FIN;Finland;Finlande;Suomi;FI;NOR,SWE,RUS;https://upload.wikimedia.org/wikipedia/commons/b/bc/Flag_of_Finland.svg;64.0, 26.0;Q712;True;True;False;False;False;True;True;True;True;False;False;False;False;False;True;False;False;True;https://www.diplomatie.gouv.fr/spip.php?page=mfe_imprime_fiche&id_rubrique=12245&titre=fran%C3%A7aises;https://fi.ambafrance.org;False;False;True;False;False;https://ressources.campusfrance.org/publications/mobilite_pays/fr/finlande_fr.pdf;5i5xV;True;Indice de développement humain très élevé;DEU,NLD,SGP,BEL;True;False;False
FJI;Fiji;Fidji;Fiji;FJ;;https://upload.wikimedia.org/wikipedia/commons/b/ba/Flag_of_Fiji.svg;-18.0, 175.0;Q712;False;True;False;False;True;False;False;False;False;False;False;False;False;False;False;False;True;True;https://www.diplomatie.gouv.fr/spip.php?page=mfe_imprime_fiche&id_rubrique=12244&titre=fran%C3%A7aises;https://fj.ambafrance.org/;False;False;False;False;True;;;;Indice de développement humain élevé;EGY,TUN,SUR,UZB;False;False;False
GHA;Ghana;Ghana;Ghana;GH;BFA,CIV,TGO;https://upload.wikimedia.org/wikipedia/commons/1/19/Flag_of_Ghana.svg;8.0, -2.0;Q117;False;True;False;False;False;False;False;False;False;False;False;True;False;False;False;True;False;True;https://www.diplomatie.gouv.fr/spip.php?page=mfe_imprime_fiche&id_rubrique=12252&titre=fran%C3%A7aises;https://gh.ambafrance.org/;False;False;True;False;False;https://ressources.campusfrance.org/publications/mobilite_pays/fr/ghana_fr.pdf;09Hw8;True;Indice de développement humain moyen;MHL,IND,FSM,GTM;False;False;False
HUN;Hungary;Hongrie;Magyarország;HU;AUT,HRV,ROU,SRB,SVK,SVN,UKR;https://upload.wikimedia.org/wikipedia/commons/c/c1/Flag_of_Hungary.svg;47.0, 20.0;Q28;False;True;False;True;False;False;True;True;True;False;False;False;False;False;True;False;False;True;https://www.diplomatie.gouv.fr/spip.php?page=mfe_imprime_fiche&id_rubrique=12258&titre=fran%C3%A7aises;https://hu.ambafrance.org/;False;False;False;False;False;https://ressources.campusfrance.org/publications/mobilite_pays/fr/hongrie_fr.pdf;G2UUn;True;Indice de développement humain très élevé;SMR,SVK,ARG,TUR;True;False;False
IRL;Ireland;Irlande;Éire;IE;GBR;https://upload.wikimedia.org/wikipedia/commons/4/45/Flag_of_Ireland.svg;53.0, -8.0;Q27;True;True;False;False;False;True;True;True;True;False;False;False;False;False;True;False;False;True;https://www.diplomatie.gouv.fr/spip.php?page=mfe_imprime_fiche&id_rubrique=12263&titre=fran%C3%A7aises;https://ie.ambafrance.org/;False;False;True;False;False;https://ressources.campusfrance.org/publications/mobilite_pays/fr/irlande_fr.pdf;9Z5A9;True;Indice de développement humain très élevé;DNK,SWE,DEU,NLD;True;False;False
IRN;Iran;Iran;ایران;IR;AFG,ARM,AZE,IRQ,PAK,TUR,TKM;https://upload.wikimedia.org/wikipedia/commons/c/ca/Flag_of_Iran.svg;32.0, 53.0;Q794;False;True;False;False;False;False;False;False;False;False;False;False;True;False;False;False;True;True;https://www.diplomatie.gouv.fr/spip.php?page=mfe_imprime_fiche&id_rubrique=12262&titre=fran%C3%A7aises;https://ir.ambafrance.org/;False;False;True;False;False;;LvVy3;True;Indice de développement humain élevé;BIH,KNA,UKR,MKD;False;False;False
IRQ;Iraq;Irak;العراق;IQ;IRN,JOR,KWT,SAU,SYR,TUR;https://upload.wikimedia.org/wikipedia/commons/f/f6/Flag_of_Iraq.svg;33.0, 44.0;Q796;False;True;True;False;False;False;False;False;False;False;False;False;True;False;False;False;True;True;https://www.diplomatie.gouv.fr/spip.php?page=mfe_imprime_fiche&id_rubrique=12261&titre=fran%C3%A7aises;https://iq.ambafrance.org;False;False;True;False;False;;8Lyg1;True;Indice de développement humain moyen;KGZ,VEN,TJK,BLZ;False;False;False
JAM;Jamaica;Jamaïque;Jamaica;JM;USA,BHS,HTI,MEX;https://upload.wikimedia.org/wikipedia/commons/0/0a/Flag_of_Jamaica.svg;18.25, -77.5;Q766;False;True;False;False;False;False;False;False;False;True;False;False;False;False;False;False;True;True;https://www.diplomatie.gouv.fr/spip.php?page=mfe_imprime_fiche&id_rubrique=12267&titre=fran%C3%A7aises;https://jm.ambafrance.org;False;True;False;False;False;;;;Indice de développement humain élevé;GUY,ZAF,WSM,GAB;False;False;False
KAZ;Kazakhstan;Kazakhstan;Қазақстан;KZ;CHN,KGZ,RUS,TKM,UZB;https://upload.wikimedia.org/wikipedia/commons/d/d3/Flag_of_Kazakhstan.svg;48.0, 68.0;Q232;True;True;False;False;False;False;True;False;False;False;False;False;False;False;False;False;True;True;https://www.diplomatie.gouv.fr/spip.php?page=mfe_imprime_fiche&id_rubrique=12270&titre=fran%C3%A7aises;https://kz.ambafrance.org/;False;False;True;True;False;https://ressources.campusfrance.org/publications/mobilite_pays/fr/kazakhstan_fr.pdf;aLC8n;True;Indice de développement humain très élevé;OMN,BHS,TTO,CRI;False;False;False
KGZ;Kyrgyzstan;Kirghizistan;Кыргызстан;KG;CHN,KAZ,TJK,UZB;https://upload.wikimedia.org/wikipedia/commons/c/c7/Flag_of_Kyrgyzstan.svg;41.0, 75.0;Q813;False;True;False;False;False;False;True;False;False;False;False;True;False;False;False;False;False;True;https://www.diplomatie.gouv.fr/spip.php?page=mfe_imprime_fiche&id_rubrique=12272&titre=fran%C3%A7aises;https://kg.ambafrance.org/;False;False;False;True;False;;;;Indice de développement humain moyen;BWA,BOL,VEN,IRQ;False;False;False
KWT;Kuwait;Koweït;الكويت;KW;IRN,SAU;https://upload.wikimedia.org/wikipedia/commons/a/aa/Flag_of_Kuwait.svg;29.5, 45.75;Q817;False;True;True;False;False;False;False;False;True;False;False;False;True;False;False;False;False;True;https://www.diplomatie.gouv.fr/spip.php?page=mfe_imprime_fiche&id_rubrique=12273&titre=fran%C3%A7aises;http://www.kw.ambafrance.org;False;False;True;False;False;;kBC75;True;Indice de développement humain très élevé;TUR,MNE,BRN,RUS;False;False;False
LKA;Sri Lanka;Sri Lanka;śrī laṃkāva;LK;IND;https://upload.wikimedia.org/wikipedia/commons/1/11/Flag_of_Sri_Lanka.svg;7.0, 81.0;Q854;False;True;False;False;False;False;False;False;False;False;False;False;False;False;False;False;True;True;;;False;False;True;False;True;;e9ANi;True;Indice de développement humain élevé;ATG,SYC,BIH,KNA;False;False;False
MAF;Saint Martin;Saint-Martin (partie française);Saint-Martin;MF;SXM,NLD;https://upload.wikimedia.org/wikipedia/commons/2/20/Flag_of_the_Netherlands.svg;18.08333333, -63.95;;False;False;False;False;False;False;False;False;True;True;False;False;False;False;False;False;False;True;;;False;False;False;False;False;;;;;;False;False;False
MDV;Maldives;Maldives;Maldives;MV;;https://upload.wikimedia.org/wikipedia/commons/0/0f/Flag_of_Maldives.svg;3.25, 73.0;;False;False;False;False;False;False;False;False;False;False;False;False;False;False;False;False;True;True;https://www.diplomatie.gouv.fr/spip.php?page=mfe_imprime_fiche&id_rubrique=12286&titre=fran%C3%A7aises;https://lk.ambafrance.org/;False;False;False;False;True;;;;Indice de développement humain élevé;COL,VCT,DZA,AZE;False;False;False
MHL;Marshall Islands;Îles Marshall;M̧ajeļ;MH;;https://upload.wikimedia.org/wikipedia/commons/2/2e/Flag_of_the_Marshall_Islands.svg;9.0, 168.0;;False;False;False;False;True;False;False;False;False;False;False;False;False;False;False;False;True;True;;;False;False;False;False;True;;;;Indice de développement humain moyen;BGD,TUV,IND,GHA;False;False;False
MNE;Montenegro;Monténégro;Црна Гора;ME;ALB,BIH,HRV,KOS,SRB;https://upload.wikimedia.org/wikipedia/commons/6/64/Flag_of_Montenegro.svg;42.5, 19.3;Q236;True;True;False;False;False;False;True;False;False;False;False;False;False;False;False;False;True;True;;;False;False;False;True;False;https://ressources.campusfrance.org/publications/mobilite_pays/fr/montenegro_fr.pdf;c5622;True;Indice de développement humain très élevé;ARG,TUR,KWT,BRN;False;False;False
MRT;Mauritania;Mauritanie;موريتانيا;MR;DZA,MLI,SEN,ESH;https://upload.wikimedia.org/wikipedia/commons/4/43/Flag_of_Mauritania.svg;20.0, -12.0;Q1025;False;True;True;False;False;False;False;False;False;False;False;True;False;False;False;True;False;True;https://www.diplomatie.gouv.fr/spip.php?page=mfe_imprime_fiche&id_rubrique=12291&titre=fran%C3%A7aises;https://mr.ambafrance.org/;False;False;True;False;False;https://ressources.campusfrance.org/publications/mobilite_pays/fr/maurice_fr.pdf;7HKY1;True;Indice de développement humain moyen;SLB,COM,PNG,CIV;False;False;False
MYS;Malaysia;Malaisie;Malaysia;MY;BRN,IDN,THA;https://upload.wikimedia.org/wikipedia/commons/6/66/Flag_of_Malaysia.svg;2.5, 112.5;Q833;False;True;False;False;True;False;False;False;False;False;False;False;False;False;False;False;True;True;https://www.diplomatie.gouv.fr/spip.php?page=mfe_imprime_fiche&id_rubrique=12284&titre=fran%C3%A7aises;https://my.ambafrance.org;False;False;True;False;True;https://ressources.campusfrance.org/publications/mobilite_pays/fr/malaisie_fr.pdf;fEjt3;True;Indice de développement humain très élevé;BLR,PAN,GEO,MUS;False;False;False
NER;Niger;Niger;Niger;NE;DZA,BEN,BFA,TCD,LBY,MLI,NGA;https://upload.wikimedia.org/wikipedia/commons/f/f4/Flag_of_Niger.svg;16.0, 8.0;Q1032;False;True;False;False;False;False;False;False;False;False;True;False;False;False;False;True;False;True;https://www.diplomatie.gouv.fr/spip.php?page=mfe_imprime_fiche&id_rubrique=12300&titre=fran%C3%A7aises;https://ne.ambafrance.org/;False;False;True;False;False;;jD9Ns;True;Indice de développement humain faible;BDI,CAF,TCD,SSD;False;False;False
NIC;Nicaragua;Nicaragua;Nicaragua;NI;CRI,HND;https://upload.wikimedia.org/wikipedia/commons/1/19/Flag_of_Nicaragua.svg;13.0, -85.0;Q811;False;True;False;False;False;False;False;False;False;True;False;True;False;False;False;False;False;True;https://www.diplomatie.gouv.fr/spip.php?page=mfe_imprime_fiche&id_rubrique=12299&titre=fran%C3%A7aises;https://ni.ambafrance.org/;False;True;False;False;False;;;;Indice de développement humain moyen;MAR,SLV,BTN,CPV;False;False;False
NLD;Netherlands;Pays-Bas;Nederland;NL;BEL,DEU;https://upload.wikimedia.org/wikipedia/commons/2/20/Flag_of_the_Netherlands.svg;52.5, 5.75;Q29999;True;True;False;False;False;True;True;True;True;False;False;False;False;False;True;False;False;True;;;False;False;True;False;False;https://ressources.campusfrance.org/publications/mobilite_pays/fr/pays-bas_fr.pdf;3N643;True;Indice de développement humain très élevé;IRL,DEU,FIN,SGP;True;False;False
NPL;Nepal;Népal;नेपाल;NP;CHN,IND;https://upload.wikimedia.org/wikipedia/commons/9/9b/Flag_of_Nepal.svg;28.0, 84.0;Q837;False;True;False;False;False;False;False;False;False;False;True;False;False;False;False;False;False;True;https://www.diplomatie.gouv.fr/spip.php?page=mfe_imprime_fiche&id_rubrique=12298&titre=fran%C3%A7aises;https://np.ambafrance.org/;False;False;False;False;True;;;;Indice de développement humain moyen;TLS,VUT,SWZ,GNQ;False;False;False
NZL;New Zealand;Nouvelle-Zélande;New Zealand;NZ;AUS;https://upload.wikimedia.org/wikipedia/commons/3/3e/Flag_of_New_Zealand.svg;-41.0, 174.0;Q664;False;True;False;False;True;False;False;False;True;False;False;False;False;False;True;False;False;True;;;False;False;True;False;True;;1Vdm8;True;Indice de développement humain très élevé;SGP,BEL,CAN,LIE;False;False;False
PAN;Panama;Panama;Panamá;PA;COL,CRI;https://upload.wikimedia.org/wikipedia/commons/a/ab/Flag_of_Panama.svg;9.0, -80.0;Q804;False;True;False;False;False;False;False;False;True;True;False;False;False;False;False;False;False;True;;;False;True;False;False;False;;GvuXB;True;Indice de développement humain très élevé;URY,BLR,MYS,GEO;False;False;False
PER;Peru;Pérou;Perú;PE;BOL,BRA,CHL,COL,ECU;https://upload.wikimedia.org/wikipedia/commons/c/cf/Flag_of_Peru.svg;-10.0, -76.0;Q419;False;True;False;False;False;False;False;False;False;True;False;False;False;False;False;False;True;True;;;True;False;True;False;False;;3wM0u;True;Indice de développement humain élevé;PLW,CUB,ARM,MEX;False;False;False
POL;Poland;Pologne;Polska;PL;BLR,CZE,DEU,LTU,RUS,SVK,UKR;https://upload.wikimedia.org/wikipedia/en/1/12/Flag_of_Poland.svg;52.0, 20.0;Q36;True;True;False;True;False;False;True;True;True;False;False;False;False;False;True;False;False;True;;;False;False;True;False;False;https://ressources.campusfrance.org/publications/mobilite_pays/fr/pologne_fr.pdf;Zyakc;True;Indice de développement humain très élevé;CZE,GRC,BHR,LTU;True;False;False
PSE;Palestine;Territoires palestiniens;فلسطين;PS;ISR,EGY,JOR;https://upload.wikimedia.org/wikipedia/commons/0/00/Flag_of_Palestine.svg;31.9, 35.2;;False;False;True;False;False;False;False;False;False;False;False;True;True;False;False;False;False;True;;;False;False;False;False;False;;nSiXx;True;Indice de développement humain élevé;LBY,PRY,LCA,GUY;False;False;False
SYR;Syrian Arab Republic;Syrie;سوريا;SY;IRQ,ISR,JOR,LBN,TUR;https://upload.wikimedia.org/wikipedia/commons/5/53/Flag_of_Syria.svg;35.0, 38.0;Q858;False;True;True;False;False;False;False;False;False;False;True;False;True;False;False;False;False;True;;;False;False;False;False;False;;;;Indice de développement humain moyen;AGO,MMR,CMR,KEN;False;False;False
TWN;Taiwan;Taïwan;臺灣;TW;CHN,PHL,VNM;https://upload.wikimedia.org/wikipedia/commons/7/72/Flag_of_the_Republic_of_China.svg;23.5, 121.0;;False;False;False;False;True;False;False;False;True;False;False;False;False;False;False;False;False;True;;;False;False;True;False;True;https://ressources.campusfrance.org/publications/mobilite_pays/fr/taiwan_fr.pdf;uWtcz;True;;;False;False;False
USA;United States of America;Etats-Unis;United States;US;CAN,MEX;https://upload.wikimedia.org/wikipedia/en/a/a4/Flag_of_the_United_States.svg;38.0, -97.0;Q30;False;True;False;False;False;False;False;False;True;False;False;False;False;True;True;False;False;True;;;False;False;True;False;False;https://ressources.campusfrance.org/publications/mobilite_pays/fr/etats-unis_fr.pdf;87jRg;True;Indice de développement humain très élevé;JPN,KOR,ISR,MLT;False;True;True
UZB;Uzbekistan;Ouzbékistan;O‘zbekiston;UZ;AFG,KAZ,KGZ,TJK,TKM;https://upload.wikimedia.org/wikipedia/commons/8/84/Flag_of_Uzbekistan.svg;41.0, 64.0;Q265;False;True;False;False;False;False;True;False;False;False;False;True;False;False;False;False;False;True;;;False;False;True;True;False;;e68F4;True;Indice de développement humain élevé;FJI,SUR,DMA,JOR;False;False;False
VAT;Vatican City;Vatican;Vaticano;VA;ITA;https://upload.wikimedia.org/wikipedia/commons/0/00/Flag_of_the_Vatican_City.svg;41.9, 12.45;Q237;True;False;False;False;False;True;True;True;True;False;False;False;False;False;True;False;False;True;;;False;False;False;False;False;;5W7m6;True;;;False;False;False
YEM;Yemen;Yémen;اليَمَن;YE;OMN,SAU;https://upload.wikimedia.org/wikipedia/commons/8/89/Flag_of_Yemen.svg;15.0, 48.0;Q805;False;True;True;False;False;False;False;False;False;False;True;False;True;False;False;False;False;True;;;False;False;False;False;False;;;;Indice de développement humain faible;SLE,GIN,BFA,MOZ;False;False;False
ZWE;Zimbabwe;Zimbabwe;Zimbabwe;ZW;BWA,MOZ,ZAF,ZMB;https://upload.wikimedia.org/wikipedia/commons/6/6a/Flag_of_Zimbabwe.svg;-20.0, 30.0;Q954;False;True;False;False;False;False;False;False;False;False;False;True;False;False;False;True;False;True;https://www.diplomatie.gouv.fr/spip.php?page=mfe_imprime_fiche&id_rubrique=12302&titre=fran%C3%A7aises;https://zw.ambafrance.org/;False;False;False;False;False;;QdU03;True;Indice de développement humain moyen;GNQ,KHM,AGO,MMR;False;False;False
ARE;United Arab Emirates;Emirats arabes unis;دولة الإمارات العربية المتحدة;AE;OMN,SAU;https://upload.wikimedia.org/wikipedia/commons/c/cb/Flag_of_the_United_Arab_Emirates.svg;24.0, 54.0;Q878;False;True;True;False;False;False;False;False;True;False;False;False;True;False;False;False;False;True;https://www.diplomatie.gouv.fr/spip.php?page=mfe_imprime_fiche&id_rubrique=12240&titre=fran%C3%A7aises;https://ae.ambafrance.org/;False;False;True;False;False;https://ressources.campusfrance.org/publications/mobilite_pays/fr/emirats_arabes_unis_fr.pdf;ab15b;True;Indice de développement humain très élevé;SVN,AUT,ESP,FRA;False;False;False
ASM;American Samoa;Samoa américaines;American Samoa;AS;;https://upload.wikimedia.org/wikipedia/commons/8/87/Flag_of_American_Samoa.svg;-14.33333333, -170.0;;False;False;False;False;True;False;False;False;False;False;False;False;False;False;False;False;True;True;;;False;False;False;False;False;;;;;;False;False;False
AUS;Australia;Australie;Australia;AU;IDN,PNG,NZL,SGP;https://upload.wikimedia.org/wikipedia/commons/8/88/Flag_of_Australia_%28converted%29.svg;-27.0, 133.0;Q408;False;True;False;False;True;False;False;False;True;False;False;False;False;False;True;False;False;True;https://www.diplomatie.gouv.fr/spip.php?page=mfe_imprime_fiche&id_rubrique=12202&titre=fran%C3%A7aises;https://au.ambafrance.org/;False;False;True;False;True;https://ressources.campusfrance.org/publications/mobilite_pays/fr/australie_fr.pdf;q29r8;True;Indice de développement humain très élevé;ISL,HKG,DNK,SWE;False;False;True
BHS;Bahamas;Bahamas;Bahamas;BS;CUB,USA;https://upload.wikimedia.org/wikipedia/commons/9/93/Flag_of_the_Bahamas.svg;24.25, -76.0;;False;False;False;False;False;False;False;False;True;True;False;False;False;False;False;False;False;True;;;False;True;False;False;False;;;;Indice de développement humain très élevé;ROU,OMN,KAZ,TTO;False;False;False
BIH;Bosnia and Herzegovina;Bosnie-Herzégovine;Bosna i Hercegovina;BA;HRV,MNE,SRB;https://upload.wikimedia.org/wikipedia/commons/b/bf/Flag_of_Bosnia_and_Herzegovina.svg;44.0, 18.0;Q225;True;True;False;False;False;False;True;False;False;False;False;False;False;False;False;False;True;True;https://www.diplomatie.gouv.fr/spip.php?page=mfe_imprime_fiche&id_rubrique=12215&titre=fran%C3%A7aises;https://ba.ambafrance.org;False;False;True;True;False;https://ressources.campusfrance.org/publications/mobilite_pays/fr/bosnie_herzegovine_fr.pdf;5QqyI;True;Indice de développement humain élevé;SYC,LKA,KNA,IRN;False;False;False
BMU;Bermuda;Bermudes;Bermuda;BM;;https://upload.wikimedia.org/wikipedia/commons/b/bf/Flag_of_Bermuda.svg;32.33333333, -64.75;;False;False;False;False;False;False;False;False;True;False;False;False;False;True;False;False;False;True;;;False;False;False;False;False;;;;;;False;False;False
COD;Congo;Congo (Rép. dém.);République démocratique du Congo;CD;AGO,BDI,CAF,COG,RWA,SSD,TZA,UGA,ZMB;https://upload.wikimedia.org/wikipedia/commons/6/6f/Flag_of_the_Democratic_Republic_of_the_Congo.svg;0.0, 25.0;Q974;False;True;False;False;False;False;False;False;False;False;True;False;False;False;False;True;False;True;https://www.diplomatie.gouv.fr/spip.php?page=mfe_imprime_fiche&id_rubrique=12230&titre=fran%C3%A7aises;https://cd.ambafrance.org/;False;False;True;False;False;;pRqyj;True;Indice de développement humain faible;GNB,LBR,AFG,SLE;False;False;False
CPV;Cabo Verde;Cap Vert;Cabo Verde;CV;MRT,SEN,GMB,GNB;https://upload.wikimedia.org/wikipedia/commons/3/38/Flag_of_Cape_Verde.svg;16.0, -24.0;Q1011;False;True;False;False;False;False;False;False;False;False;False;True;False;False;False;True;False;True;https://www.diplomatie.gouv.fr/spip.php?page=mfe_imprime_fiche&id_rubrique=12223&titre=fran%C3%A7aises;https://cv.ambafrance.org/;False;False;False;False;False;;;;Indice de développement humain moyen;NIC,BTN,BGD,TUV;False;False;False
CRI;Costa Rica;Costa Rica;Costa Rica;CR;NIC,PAN;https://upload.wikimedia.org/wikipedia/commons/b/bc/Flag_of_Costa_Rica_%28state%29.svg;10.0, -84.0;Q800;False;True;False;False;False;False;False;False;False;True;False;False;False;False;False;False;True;True;https://www.diplomatie.gouv.fr/spip.php?page=mfe_imprime_fiche&id_rubrique=12301&titre=fran%C3%A7aises;https://cr.ambafrance.org/;False;True;False;False;False;;;;Indice de développement humain très élevé;KAZ,TTO,URY,BLR;False;False;False
CUW;Curaçao;Curaçao;Curaçao;CW;;https://upload.wikimedia.org/wikipedia/commons/b/b1/Flag_of_Cura%C3%A7ao.svg;12.116667, -68.933333;;False;False;False;False;False;False;False;False;True;True;False;False;False;False;False;False;False;True;;;False;False;False;False;False;;;;;;False;False;False
CZE;Czech Republic;République tchèque;Česká republika;CZ;AUT,DEU,POL,SVK;https://upload.wikimedia.org/wikipedia/commons/c/cb/Flag_of_the_Czech_Republic.svg;49.75, 15.5;Q213;True;True;False;True;False;False;True;True;True;False;False;False;False;False;True;False;False;True;;;False;False;True;False;False;https://ressources.campusfrance.org/publications/mobilite_pays/fr/republique_tcheque_fr.pdf;9j2g5;True;Indice de développement humain très élevé;ITA,EST,GRC,POL;True;False;False
DNK;Denmark;Danemark;Danmark;DK;DEU;https://upload.wikimedia.org/wikipedia/commons/9/9c/Flag_of_Denmark.svg;56.0, 10.0;Q756617;True;True;False;False;False;False;True;True;True;False;False;False;False;False;True;False;False;True;https://www.diplomatie.gouv.fr/spip.php?page=mfe_imprime_fiche&id_rubrique=12236&titre=fran%C3%A7aises;https://dk.ambafrance.org/;False;False;False;False;False;https://ressources.campusfrance.org/publications/mobilite_pays/fr/danemark_fr.pdf;GFnOl;True;Indice de développement humain très élevé;HKG,AUS,SWE,IRL;True;False;False
ESP;Spain;Espagne;España;ES;AND,FRA,GIB,PRT,MAR;https://upload.wikimedia.org/wikipedia/commons/8/89/Bandera_de_Espa%C3%B1a.svg;40.0, -4.0;Q29;True;True;False;False;False;True;True;True;True;False;False;False;False;False;True;False;False;True;https://www.diplomatie.gouv.fr/spip.php?page=mfe_imprime_fiche&id_rubrique=12242&titre=fran%C3%A7aises;https://es.ambafrance.org/;False;False;True;False;False;https://ressources.campusfrance.org/publications/mobilite_pays/fr/espagne_fr.pdf;qZvMG;True;Indice de développement humain très élevé;AUT,ARE,FRA,CYP;True;False;False
FRA;France;France;France;FR;AND,BEL,DEU,ITA,LUX,MCO,ESP,CHE;https://upload.wikimedia.org/wikipedia/en/c/c3/Flag_of_France.svg;46.0, 2.0;Q33;True;False;False;False;False;True;True;True;True;False;False;False;False;False;True;False;False;True;;;False;False;False;False;False;;;;Indice de développement humain très élevé;ARE,ESP,CYP,ITA;True;True;True
GBR;United Kingdom of Great Britain and Northern Ireland;Royaume-Uni;United Kingdom;GB;IRL;https://upload.wikimedia.org/wikipedia/en/a/ae/Flag_of_the_United_Kingdom.svg;54.0, -2.0;Q145;True;True;False;False;False;False;True;True;True;False;False;False;False;False;True;False;False;True;;;False;False;True;False;False;https://ressources.campusfrance.org/publications/mobilite_pays/fr/royaume-uni_fr.pdf;hw49T;True;Indice de développement humain très élevé;LIE,LUX,JPN,KOR;False;True;True
GEO;Georgia;Géorgie;საქართველო;GE;ARM,AZE,RUS,TUR;https://upload.wikimedia.org/wikipedia/commons/0/0f/Flag_of_Georgia.svg;42.0, 43.5;Q230;True;True;False;False;False;False;True;False;False;False;False;False;False;False;False;False;True;True;https://www.diplomatie.gouv.fr/spip.php?page=mfe_imprime_fiche&id_rubrique=12248&titre=fran%C3%A7aises;https://ge.ambafrance.org;False;False;True;True;False;;v10Ne;True;Indice de développement humain très élevé;PAN,MYS,MUS,SRB;False;False;False
GIN;Guinea;Guinée;Guinée;GN;CIV,GNB,LBR,MLI,SEN,SLE;https://upload.wikimedia.org/wikipedia/commons/e/ed/Flag_of_Guinea.svg;11.0, -10.0;Q1006;False;True;False;False;False;False;False;False;False;False;True;False;False;False;False;True;False;True;https://www.diplomatie.gouv.fr/spip.php?page=mfe_imprime_fiche&id_rubrique=12255&titre=fran%C3%A7aises;https://gn.ambafrance.org;False;False;False;False;False;;Q7aX2;True;Indice de développement humain faible;AFG,SLE,YEM,BFA;False;False;False
IDN;Indonesia;Indonésie;Indonesia;ID;TLS,MYS,PNG;https://upload.wikimedia.org/wikipedia/commons/9/9f/Flag_of_Indonesia.svg;-5.0, 120.0;Q252;False;True;False;False;True;False;False;False;False;False;False;True;False;False;False;False;False;True;https://www.diplomatie.gouv.fr/spip.php?page=mfe_imprime_fiche&id_rubrique=12260&titre=fran%C3%A7aises;https://id.ambafrance.org/;False;False;True;False;True;https://ressources.campusfrance.org/publications/mobilite_pays/fr/indonesie_fr.pdf;7y54n;True;Indice de développement humain élevé;WSM,GAB,LBN,VNM;False;False;True
IMN;Isle of Man;Île de Man;Isle of Man;IM;;https://upload.wikimedia.org/wikipedia/commons/b/bc/Flag_of_the_Isle_of_Man.svg;54.25, -4.5;;False;False;False;False;False;False;True;False;True;False;False;False;False;False;False;False;False;True;;;False;False;False;False;False;;;;;;False;False;False
ISL;Iceland;Islande;Ísland;IS;NOR,IRL,GBR;https://upload.wikimedia.org/wikipedia/commons/c/ce/Flag_of_Iceland.svg;65.0, -18.0;Q189;True;True;False;False;False;False;True;True;True;False;False;False;False;False;True;False;False;True;https://www.diplomatie.gouv.fr/spip.php?page=mfe_imprime_fiche&id_rubrique=12264&titre=fran%C3%A7aises;https://is.ambafrance.org;False;False;False;False;False;;t6T7m;True;Indice de développement humain très élevé;CHE,NOR,HKG,AUS;False;False;False
JPN;Japan;Japon;日本;JP;KOR,PRK,CHN;https://upload.wikimedia.org/wikipedia/en/9/9e/Flag_of_Japan.svg;36.0, 138.0;Q17;False;True;False;False;True;False;False;False;True;False;False;False;False;False;True;False;False;True;https://www.diplomatie.gouv.fr/spip.php?page=mfe_imprime_fiche&id_rubrique=12268&titre=fran%C3%A7aises;https://jp.ambafrance.org/;False;False;True;False;True;https://ressources.campusfrance.org/publications/mobilite_pays/fr/japon_fr.pdf;LNx23;True;Indice de développement humain très élevé;LUX,GBR,KOR,USA;False;True;True
KEN;Kenya;Kenya;Kenya;KE;ETH,SOM,SSD,TZA,UGA;https://upload.wikimedia.org/wikipedia/commons/4/49/Flag_of_Kenya.svg;1.0, 38.0;Q114;False;True;False;False;False;False;False;False;False;False;False;True;False;False;False;True;False;True;https://www.diplomatie.gouv.fr/spip.php?page=mfe_imprime_fiche&id_rubrique=12271&titre=fran%C3%A7aises;https://ke.ambafrance.org/;False;False;True;False;False;https://ressources.campusfrance.org/publications/mobilite_pays/fr/kenya_fr.pdf;d6vm2;True;Indice de développement humain moyen;SYR,CMR,COG,ZMB;False;False;False
KOR;South Korea;Corée du Sud;대한민국;KR;PRK;https://upload.wikimedia.org/wikipedia/commons/0/09/Flag_of_South_Korea.svg;37.0, 127.5;Q884;False;True;False;False;True;False;False;False;True;False;False;False;False;False;True;False;False;True;https://www.diplomatie.gouv.fr/spip.php?page=mfe_imprime_fiche&id_rubrique=12232&titre=fran%C3%A7aises;https://kr.ambafrance.org/;False;False;True;False;True;https://ressources.campusfrance.org/publications/mobilite_pays/fr/coree_du_sud_fr.pdf;Ke5ns;True;Indice de développement humain très élevé;GBR,JPN,USA,ISR;False;False;True
KOS;Republic of Kosovo;Kosovo;Republika e Kosovës;XK;ALB,MKD,MNE,SRB;https://upload.wikimedia.org/wikipedia/commons/1/1f/Flag_of_Kosovo.svg;42.666667, 21.166667;Q1246;False;True;False;False;False;False;True;False;False;False;False;False;False;False;False;False;True;True;;;False;False;True;True;False;https://ressources.campusfrance.org/publications/mobilite_pays/fr/kosovo_fr.pdf;OkfIb;True;;;False;False;False
LSO;Lesotho;Lesotho;Lesotho;LS;ZAF;https://upload.wikimedia.org/wikipedia/commons/4/4a/Flag_of_Lesotho.svg;-29.5, 28.5;Q1013;False;True;False;False;False;False;False;False;False;False;False;True;False;False;False;True;False;True;https://www.diplomatie.gouv.fr/spip.php?page=mfe_imprime_fiche&id_rubrique=12275&titre=fran%C3%A7aises;https://za.ambafrance.org/;False;False;False;False;False;;;;Indice de développement humain faible;BEN,UGA,MWI,SEN;False;False;False
LUX;Luxembourg;Luxembourg;Luxembourg;LU;BEL,FRA,DEU;https://upload.wikimedia.org/wikipedia/commons/d/da/Flag_of_Luxembourg.svg;49.75, 6.16666666;Q32;True;True;False;False;False;True;True;True;True;False;False;False;False;False;True;False;False;True;https://www.diplomatie.gouv.fr/spip.php?page=mfe_imprime_fiche&id_rubrique=12280&titre=fran%C3%A7aises;https://lu.ambafrance.org/;False;False;False;False;False;https://ressources.campusfrance.org/publications/mobilite_pays/fr/luxembourg_fr.pdf;O40P5;True;Indice de développement humain très élevé;CAN,LIE,GBR,JPN;True;False;False
NGA;Nigeria;Nigéria;Nigeria;NG;BEN,CMR,TCD,NER;https://upload.wikimedia.org/wikipedia/commons/7/79/Flag_of_Nigeria.svg;10.0, 8.0;Q1033;False;True;False;False;False;False;False;False;False;False;False;True;False;False;False;True;False;True;;;False;False;True;False;False;;7E0tp;True;Indice de développement humain faible;TGO,HTI,RWA,BEN;False;False;False
OMN;Oman;Oman;عمان;OM;SAU,ARE,YEM;https://upload.wikimedia.org/wikipedia/commons/d/dd/Flag_of_Oman.svg;21.0, 57.0;Q842;False;True;True;False;False;False;False;False;True;False;False;False;True;False;False;False;False;True;;;False;False;True;False;False;;;;Indice de développement humain très élevé;RUS,ROU,BHS,KAZ;False;False;False
PHL;Philippines;Philippines;Pilipinas;PH;TWN,VNM,CHN,BRN;https://upload.wikimedia.org/wikipedia/commons/9/99/Flag_of_the_Philippines.svg;13.0, 122.0;Q928;False;True;False;False;True;False;False;False;False;False;False;True;False;False;False;False;False;True;;;False;False;True;False;True;;T9CFg;True;Indice de développement humain moyen;BWA,BOL,KGZ,VEN;False;False;False
PLW;Palau;Palaos;Palau;PW;;https://upload.wikimedia.org/wikipedia/commons/4/48/Flag_of_Palau.svg;7.5, 134.5;Q695;False;True;False;False;True;False;False;False;True;False;False;False;False;False;False;False;False;True;https://www.diplomatie.gouv.fr/spip.php?page=mfe_imprime_fiche&id_rubrique=12207&titre=fran%C3%A7aises;https://ph.ambafrance.org/;False;False;False;False;False;;;;Indice de développement humain élevé;DOM,MDA,CUB,PER;False;False;False
PNG;Papua New Guinea;Papouasie-Nouvelle-Guinée;Papua Niugini;PG;IDN;https://upload.wikimedia.org/wikipedia/commons/e/e3/Flag_of_Papua_New_Guinea.svg;-6.0, 147.0;Q691;False;True;False;False;True;False;False;False;False;False;False;True;False;False;False;False;False;True;;;False;False;False;False;True;;;;Indice de développement humain moyen;SLB,COM,MRT,CIV;False;False;False
RUS;Russian Federation;Russie;Россия;RU;AZE,BLR,CHN,EST,FIN,GEO,KAZ,PRK,LVA,LTU,MNG,NOR,POL,UKR;https://upload.wikimedia.org/wikipedia/en/f/f3/Flag_of_Russia.svg;60.0, 100.0;Q159;True;True;False;False;False;False;True;False;False;False;False;False;False;False;False;False;True;True;;;False;False;True;True;False;https://ressources.campusfrance.org/publications/mobilite_pays/fr/russie_fr.pdf;rniA9;True;Indice de développement humain très élevé;KWT,BRN,ROU,OMN;False;False;True
SGP;Singapore;Singapour;Singapore;SG;MYS,IDN,BRN;https://upload.wikimedia.org/wikipedia/commons/4/48/Flag_of_Singapore.svg;1.36666666, 103.8;Q334;False;True;False;False;True;False;False;False;True;False;False;False;False;False;False;False;False;True;;;False;False;True;False;True;;663bS;True;Indice de développement humain très élevé;NLD,FIN,BEL,NZL;False;False;False
SLB;Solomon Islands;Îles Salomon;Solomon Islands;SB;;https://upload.wikimedia.org/wikipedia/commons/7/74/Flag_of_the_Solomon_Islands.svg;-8.0, 159.0;Q685;False;True;False;False;True;False;False;False;False;False;False;True;False;False;False;False;False;True;;;False;False;True;False;True;;;;Indice de développement humain moyen;COG,ZMB,COM,PNG;False;False;False
SLV;El Salvador;Salvador;El Salvador;SV;GTM,HND;https://upload.wikimedia.org/wikipedia/commons/3/34/Flag_of_El_Salvador.svg;13.83333333, -88.91666666;Q792;False;True;False;False;False;False;False;False;False;True;False;True;False;False;False;False;False;True;;;False;True;False;False;False;;;;Indice de développement humain moyen;BLZ,MAR,NIC,BTN;False;False;False
SMR;San Marino;Saint-Marin;San Marino;SM;ITA;https://upload.wikimedia.org/wikipedia/commons/b/b1/Flag_of_San_Marino.svg;43.76666666, 12.41666666;;False;False;False;False;False;False;True;True;True;False;False;False;False;False;False;False;False;True;;;False;False;False;False;False;;;;Indice de développement humain très élevé;CHL,QAT,SVK,HUN;False;False;False
SOM;Somalia;Somalie;Soomaaliya;SO;DJI,ETH,KEN;https://upload.wikimedia.org/wikipedia/commons/a/a0/Flag_of_Somalia.svg;10.0, 49.0;Q1045;False;True;True;False;False;False;False;False;False;False;True;False;False;False;False;True;False;True;;;False;False;False;False;False;;63Mqc;True;;;False;False;False
SUR;Suriname;Suriname;Suriname;SR;BRA,GUF,FRA,GUY;https://upload.wikimedia.org/wikipedia/commons/6/60/Flag_of_Suriname.svg;4.0, -56.0;Q730;False;True;False;False;False;False;False;False;False;True;False;False;False;False;False;False;True;True;;;True;False;False;False;False;;;;Indice de développement humain élevé;TUN,FJI,UZB,DMA;False;False;False
SYC;Seychelles;Seychelles;Seychelles;SC;;https://upload.wikimedia.org/wikipedia/commons/f/fc/Flag_of_Seychelles.svg;-4.58333333, 55.66666666;Q1042;False;True;False;False;False;False;False;False;True;False;False;False;False;False;False;True;False;True;;;False;False;False;False;False;;;;Indice de développement humain élevé;BRB,ATG,LKA,BIH;False;False;False
TCA;Turks and Caicos Islands;Îles Turques-et-Caïques;Turks and Caicos Islands;TC;;https://upload.wikimedia.org/wikipedia/commons/a/a0/Flag_of_the_Turks_and_Caicos_Islands.svg;21.75, -71.58333333;;False;False;False;False;False;False;False;False;True;True;False;False;False;False;False;False;False;True;;;False;False;False;False;False;;;;;;False;False;False
TCD;Chad;Tchad;Tchad;TD;CMR,CAF,LBY,NER,NGA,SSD;https://upload.wikimedia.org/wikipedia/commons/4/4b/Flag_of_Chad.svg;15.0, 19.0;Q657;False;True;False;False;False;False;False;False;False;False;True;False;False;False;False;True;False;True;;;False;False;True;False;False;;P25qO;True;Indice de développement humain faible;BDI,CAF,NER,SSD;False;False;False
TUV;Tuvalu;Tuvalu;Tuvalu;TV;;https://upload.wikimedia.org/wikipedia/commons/3/38/Flag_of_Tuvalu.svg;-8.0, 178.0;;False;False;False;False;True;False;False;False;False;False;False;False;False;False;False;False;True;True;;;False;False;False;False;True;;;;Indice de développement humain moyen;CPV,BGD,MHL,IND;False;False;False
UGA;Uganda;Uganda;Uganda;UG;COD,KEN,RWA,SSD,TZA;https://upload.wikimedia.org/wikipedia/commons/4/4e/Flag_of_Uganda.svg;1.0, 32.0;Q1036;False;True;False;False;False;False;False;False;False;False;True;False;False;False;False;True;False;True;;;False;False;True;False;False;;SOX98;True;Indice de développement humain faible;RWA,BEN,LSO,MWI;False;False;False
URY;Uruguay;Uruguay;Uruguay;UY;ARG,BRA;https://upload.wikimedia.org/wikipedia/commons/f/fe/Flag_of_Uruguay.svg;-33.0, -56.0;Q77;False;True;False;False;False;False;False;False;True;True;False;False;False;False;False;False;False;True;;;True;False;True;False;False;;FKO3B;True;Indice de développement humain très élevé;TTO,CRI,BLR,PAN;False;False;False
VCT;Saint Vincent and the Grenadines;Saint-Vincent-et-les-Grenadines;Saint Vincent and the Grenadines;VC;;https://upload.wikimedia.org/wikipedia/commons/6/6d/Flag_of_Saint_Vincent_and_the_Grenadines.svg;13.25, -61.2;;False;False;False;False;False;False;False;False;False;True;False;False;False;False;False;False;True;True;;;False;True;False;False;False;;;;Indice de développement humain élevé;BRA,COL,MDV,DZA;False;False;False
VEN;Venezuela;Venezuela;Venezuela;VE;BRA,COL,GUY;https://upload.wikimedia.org/wikipedia/commons/0/06/Flag_of_Venezuela.svg;8.0, -66.0;Q717;False;True;False;False;False;False;False;False;False;True;False;False;False;False;False;False;True;True;;;True;False;False;False;False;;;;Indice de développement humain moyen;BOL,KGZ,IRQ,TJK;False;False;False
AFG;Afghanistan;Afghanistan;افغانستان;AF;IRN,PAK,TKM,UZB,TJK,CHN;https://upload.wikimedia.org/wikipedia/commons/5/5c/Flag_of_the_Taliban.svg;33.0, 65.0;Q889;False;True;False;False;False;False;False;False;False;False;True;False;False;False;False;False;False;True;https://www.diplomatie.gouv.fr/spip.php?page=mfe_imprime_fiche&id_rubrique=12192&titre=fran%C3%A7aises;https://af.ambafrance.org/;False;False;True;False;True;;zlWhd;True;Indice de développement humain faible;LBR,COD,SLE,GIN;False;False;False
ARG;Argentina;Argentine;Argentina;AR;BOL,BRA,CHL,PRY,URY;https://upload.wikimedia.org/wikipedia/commons/1/1a/Flag_of_Argentina.svg;-34.0, -64.0;Q414;False;True;False;False;False;False;False;False;False;True;False;False;False;False;False;False;True;True;https://www.diplomatie.gouv.fr/spip.php?page=mfe_imprime_fiche&id_rubrique=12200&titre=fran%C3%A7aises;https://ar.ambafrance.org/;True;False;True;False;False;https://ressources.campusfrance.org/publications/mobilite_pays/fr/argentine_fr.pdf;Ya9Y4;True;Indice de développement humain très élevé;SVK,HUN,TUR,MNE;False;False;True
AUT;Austria;Autriche;Österreich;AT;CZE,DEU,HUN,ITA,LIE,SVK,SVN,CHE;https://upload.wikimedia.org/wikipedia/commons/4/41/Flag_of_Austria.svg;47.33333333, 13.33333333;Q40;True;True;False;False;False;True;True;True;True;False;False;False;False;False;True;False;False;True;https://www.diplomatie.gouv.fr/spip.php?page=mfe_imprime_fiche&id_rubrique=12203&titre=fran%C3%A7aises;https://at.ambafrance.org/;False;False;True;False;False;https://ressources.campusfrance.org/publications/mobilite_pays/fr/autriche_fr.pdf;MHr2T;True;Indice de développement humain très élevé;MLT,SVN,ARE,ESP;True;False;False
CA-QC;Quebec;Québec;Québec;;CAN;https://upload.wikimedia.org/wikipedia/commons/5/5f/Flag_of_Quebec.svg;51.2881864968, -72.781305041;Q176;False;True;False;False;False;False;False;False;True;False;False;False;False;True;True;False;False;True;;;False;False;False;False;False;;c62C5;True;;;False;False;False
CHL;Chile;Chili;Chile;CL;ARG,BOL,PER;https://upload.wikimedia.org/wikipedia/commons/7/78/Flag_of_Chile.svg;-30.0, -71.0;Q298;False;True;False;False;False;False;False;False;True;True;False;False;False;False;True;False;False;True;https://www.diplomatie.gouv.fr/spip.php?page=mfe_imprime_fiche&id_rubrique=12225&titre=fran%C3%A7aises;https://cl.ambafrance.org/;True;False;True;False;False;https://ressources.campusfrance.org/publications/mobilite_pays/fr/chili_fr.pdf;gjM8G;True;Indice de développement humain très élevé;AND,HRV,QAT,SMR;False;False;False
CMR;Cameroon;Cameroun;Cameroon;CM;CAF,TCD,COG,GNQ,GAB,NGA;https://upload.wikimedia.org/wikipedia/commons/4/4f/Flag_of_Cameroon.svg;6.0, 12.0;Q1009;False;True;False;False;False;False;False;False;False;False;False;True;False;False;False;True;False;True;https://www.diplomatie.gouv.fr/spip.php?page=mfe_imprime_fiche&id_rubrique=12221&titre=fran%C3%A7aises;https://cm.ambafrance.org/;False;False;True;False;False;https://ressources.campusfrance.org/publications/mobilite_pays/fr/cameroun_fr.pdf;XF6ka;True;Indice de développement humain moyen;MMR,SYR,KEN,COG;False;False;False
COL;Colombia;Colombie;Colombia;CO;BRA,ECU,PAN,PER,VEN;https://upload.wikimedia.org/wikipedia/commons/2/21/Flag_of_Colombia.svg;4.0, -72.0;Q739;False;True;False;False;False;False;False;False;False;True;False;False;False;False;False;False;True;True;https://www.diplomatie.gouv.fr/spip.php?page=mfe_imprime_fiche&id_rubrique=12228&titre=fran%C3%A7aises;https://co.ambafrance.org/;True;False;True;False;False;https://ressources.campusfrance.org/publications/mobilite_pays/fr/colombie_fr.pdf;8PKlp;True;Indice de développement humain élevé;MEX,BRA,VCT,MDV;False;False;False
CUB;Cuba;Cuba;Cuba;CU;USA,BHS,JAM,HTI,MEX;https://upload.wikimedia.org/wikipedia/commons/b/bd/Flag_of_Cuba.svg;21.5, -80.0;Q241;False;True;False;False;False;False;False;False;False;True;False;False;False;False;False;False;True;True;https://www.diplomatie.gouv.fr/spip.php?page=mfe_imprime_fiche&id_rubrique=12235&titre=fran%C3%A7aises;https://cu.ambafrance.org/;False;True;True;False;False;;28kIK;True;Indice de développement humain élevé;MDA,PLW,PER,ARM;False;False;False
DOM;Dominican Republic;République dominicaine;República Dominicana;DO;HTI;https://upload.wikimedia.org/wikipedia/commons/9/9f/Flag_of_the_Dominican_Republic.svg;19.0, -70.66666666;Q786;False;True;False;False;False;False;False;False;False;True;False;False;False;False;False;False;True;True;https://www.diplomatie.gouv.fr/spip.php?page=mfe_imprime_fiche&id_rubrique=12238&titre=fran%C3%A7aises;https://do.ambafrance.org/;False;True;True;False;False;;bNVR3;True;Indice de développement humain élevé;MKD,CHN,MDA,PLW;False;False;False
DZA;Algeria;Algérie;الجزائر;DZ;TUN,LBY,NER,ESH,MRT,MLI,MAR;https://upload.wikimedia.org/wikipedia/commons/7/77/Flag_of_Algeria.svg;28.0, 3.0;Q262;False;True;True;False;False;False;False;False;False;False;False;False;True;False;False;False;True;True;https://www.diplomatie.gouv.fr/spip.php?page=mfe_imprime_fiche&id_rubrique=12196&titre=fran%C3%A7aises;https://dz.ambafrance.org/;False;False;True;False;False;https://ressources.campusfrance.org/publications/mobilite_pays/fr/algerie_fr.pdf;Z5n91;True;Indice de développement humain élevé;VCT,MDV,AZE,TON;False;False;False
EGY;Egypt;Egypte;مصر‎;EG;ISR,LBY,SDN;https://upload.wikimedia.org/wikipedia/commons/f/fe/Flag_of_Egypt.svg;27.0, 30.0;Q79;False;True;True;False;False;False;False;False;False;False;False;True;True;False;False;False;False;True;https://www.diplomatie.gouv.fr/spip.php?page=mfe_imprime_fiche&id_rubrique=12239&titre=fran%C3%A7aises;https://eg.ambafrance.org/;False;False;True;False;False;https://ressources.campusfrance.org/publications/mobilite_pays/fr/egypte_fr.pdf;gx8W2;True;Indice de développement humain élevé;ECU,MNG,TUN,FJI;False;False;False
ERI;Eritrea;Erythrée;ኤርትራ;ER;DJI,ETH,SDN;https://upload.wikimedia.org/wikipedia/commons/2/29/Flag_of_Eritrea.svg;15.0, 39.0;Q986;False;True;False;False;False;False;False;False;False;False;True;False;False;False;False;True;False;True;;;False;False;False;False;False;;;;Indice de développement humain faible;GMB,ETH,GNB,LBR;False;False;False
FRO;Faroe Islands;Îles Féroé;Føroyar;FO;;https://upload.wikimedia.org/wikipedia/commons/3/3c/Flag_of_the_Faroe_Islands.svg;62.0, -7.0;;False;False;False;False;False;False;True;False;True;False;False;False;False;False;False;False;False;True;;;False;False;False;False;False;;;;;;False;False;False
GNQ;Equatorial Guinea;Guinée-Équatoriale;Guinea Ecuatorial;GQ;CMR,GAB;https://upload.wikimedia.org/wikipedia/commons/3/31/Flag_of_Equatorial_Guinea.svg;2.0, 10.0;Q983;False;True;False;False;False;False;False;False;False;False;False;False;False;False;False;True;True;True;https://www.diplomatie.gouv.fr/spip.php?page=mfe_imprime_fiche&id_rubrique=12256&titre=fran%C3%A7aises;https://gq.ambafrance.org/;False;False;True;False;False;;5h19Y;True;Indice de développement humain moyen;NPL,SWZ,KHM,ZWE;False;False;False
GRL;Greenland;Groenland;Kalaallit Nunaat;GL;;https://upload.wikimedia.org/wikipedia/commons/0/09/Flag_of_Greenland.svg;72.0, -40.0;;False;False;False;False;False;False;True;False;True;False;False;False;False;False;False;False;False;True;;;False;False;False;False;False;;;;;;False;False;False
GUY;Guyana;Guyana;Guyana;GY;BRA,SUR,VEN;https://upload.wikimedia.org/wikipedia/commons/4/4f/Coat_of_arms_of_French_Guyana.svg;5.0, -59.0;Q734;False;True;False;False;False;False;False;False;False;True;False;False;False;False;False;False;True;True;;;True;False;False;False;False;;;;Indice de développement humain élevé;PSE,LCA,ZAF,JAM;False;False;False
HKG;Hong Kong;Hong Kong (Chine);香港;HK;CHN;https://flagcdn.com/hk.svg;22.25, 114.16666666;;False;False;False;False;True;False;False;False;True;False;False;False;False;False;False;False;False;True;https://www.diplomatie.gouv.fr/spip.php?page=mfe_imprime_fiche&id_rubrique=12251&titre=fran%C3%A7aises;;False;False;True;False;True;;dJ5s0;True;Indice de développement humain très élevé;NOR,ISL,AUS,DNK;False;False;False
HRV;Croatia;Croatie;Hrvatska;HR;BIH,HUN,MNE,SRB,SVN;https://upload.wikimedia.org/wikipedia/commons/1/1b/Flag_of_Croatia.svg;45.16666666, 15.5;Q224;True;True;False;True;False;False;True;True;True;False;False;False;False;False;False;False;False;True;https://www.diplomatie.gouv.fr/spip.php?page=mfe_imprime_fiche&id_rubrique=12234&titre=fran%C3%A7aises;https://hr.ambafrance.org;False;False;True;False;False;https://ressources.campusfrance.org/publications/mobilite_pays/fr/croatie_fr.pdf;LRF6x;True;Indice de développement humain très élevé;LVA,AND,CHL,QAT;True;False;False
ITA;Italy;Italie;Italia;IT;AUT,FRA,SMR,SVN,CHE,VAT;https://upload.wikimedia.org/wikipedia/en/0/03/Flag_of_Italy.svg;42.83333333, 12.83333333;Q38;True;True;False;False;False;True;True;True;True;False;False;False;False;False;True;False;False;True;https://www.diplomatie.gouv.fr/spip.php?page=mfe_imprime_fiche&id_rubrique=12266&titre=fran%C3%A7aises;https://it.ambafrance.org/;False;False;False;False;False;https://ressources.campusfrance.org/publications/mobilite_pays/fr/italie_fr.pdf;Z4vUp;True;Indice de développement humain très élevé;FRA,CYP,EST,CZE;True;True;True
JOR;Jordan;Jordanie;الأردن;JO;IRQ,ISR,SAU,SYR;https://upload.wikimedia.org/wikipedia/commons/c/c0/Flag_of_Jordan.svg;31.0, 36.0;Q810;False;True;True;False;False;False;False;False;False;False;False;False;True;False;False;False;True;True;https://www.diplomatie.gouv.fr/spip.php?page=mfe_imprime_fiche&id_rubrique=12269&titre=fran%C3%A7aises;https://jo.ambafrance.org/;False;False;True;False;False;https://ressources.campusfrance.org/publications/mobilite_pays/fr/jordanie_fr.pdf;8Se4J;True;Indice de développement humain élevé;UZB,DMA,LBY,PRY;False;False;False
LAO;Lao Peoples Democratic Republic;Laos;ສປປລາວ;LA;MMR,KHM,CHN,THA,VNM;https://upload.wikimedia.org/wikipedia/commons/5/56/Flag_of_Laos.svg;18.0, 105.0;Q819;False;True;False;False;True;False;False;False;False;False;False;True;False;False;False;False;False;True;https://www.diplomatie.gouv.fr/spip.php?page=mfe_imprime_fiche&id_rubrique=12274&titre=fran%C3%A7aises;https://la.ambafrance.org/;False;False;True;False;True;;IG1x3;True;Indice de développement humain moyen;STP,NAM,TLS,VUT;False;False;False
LBR;Liberia;Liberia;Liberia;LR;GIN,CIV,SLE;https://upload.wikimedia.org/wikipedia/commons/b/b8/Flag_of_Liberia.svg;6.5, -9.5;Q1014;False;True;False;False;False;False;False;False;False;False;True;False;False;False;False;True;False;True;;;False;False;False;False;False;;;;Indice de développement humain faible;ERI,GNB,COD,AFG;False;False;False
LTU;Lithuania;Lituanie;Lietuva;LT;BLR,LVA,POL,RUS;https://upload.wikimedia.org/wikipedia/commons/1/11/Flag_of_Lithuania.svg;56.0, 24.0;Q37;True;True;False;True;False;True;True;True;True;False;False;False;False;False;True;False;False;True;https://www.diplomatie.gouv.fr/spip.php?page=mfe_imprime_fiche&id_rubrique=12279&titre=fran%C3%A7aises;https://lt.ambafrance.org/;False;False;True;False;False;https://ressources.campusfrance.org/publications/mobilite_pays/fr/lituanie_fr.pdf;jPQ6Z;True;Indice de développement humain très élevé;POL,BHR,SAU,PRT;True;False;False
MEX;Mexico;Mexique;México;MX;BLZ,GTM,USA;https://upload.wikimedia.org/wikipedia/commons/f/fc/Flag_of_Mexico.svg;23.0, -102.0;Q96;False;True;False;False;False;False;False;False;False;True;False;False;False;False;True;False;True;True;https://www.diplomatie.gouv.fr/spip.php?page=mfe_imprime_fiche&id_rubrique=12292&titre=fran%C3%A7aises;https://mx.ambafrance.org/;False;True;True;False;False;https://ressources.campusfrance.org/publications/mobilite_pays/fr/mexique_fr.pdf;y148K;True;Indice de développement humain élevé;PER,ARM,BRA,COL;False;False;True
NAM;Namibia;Namibie;Namibia;;AGO,BWA,ZAF,ZMB;https://upload.wikimedia.org/wikipedia/commons/0/00/Flag_of_Namibia.svg;-22.0, 17.0;Q1030;False;True;False;False;False;False;False;False;False;False;False;False;False;False;False;True;True;True;https://www.diplomatie.gouv.fr/spip.php?page=mfe_imprime_fiche&id_rubrique=12297&titre=fran%C3%A7aises;https://na.ambafrance.org/;False;False;False;False;False;;;;Indice de développement humain moyen;HND,STP,LAO,TLS;False;False;False
NOR;Norway;Norvège;Norge;NO;FIN,SWE,RUS;https://upload.wikimedia.org/wikipedia/commons/d/d9/Flag_of_Norway.svg;62.0, 10.0;Q20;True;True;False;False;False;False;True;True;True;False;False;False;False;False;True;False;False;True;;;False;False;True;False;False;https://ressources.campusfrance.org/publications/mobilite_pays/fr/norvege_fr.pdf;pMEyv;True;Indice de développement humain très élevé;CHE,ISL,HKG,AUS;False;False;False
NRU;Nauru;Nauru;Nauru;NR;;https://upload.wikimedia.org/wikipedia/commons/3/30/Flag_of_Nauru.svg;-0.53333333, 166.91666666;;False;False;False;False;True;False;False;False;False;False;False;False;False;False;False;False;True;True;;;False;False;False;False;True;;;;;;False;False;False
RWA;Rwanda;Rwanda;Rwanda;RW;BDI,COD,TZA,UGA;https://upload.wikimedia.org/wikipedia/commons/1/17/Flag_of_Rwanda.svg;-2.0, 30.0;Q1037;False;True;False;False;False;False;False;False;False;False;True;False;False;False;False;True;False;True;;;False;False;True;False;False;https://ressources.campusfrance.org/publications/mobilite_pays/fr/rwanda_fr.pdf;CI1ep;True;Indice de développement humain faible;HTI,NGA,BEN,UGA;False;False;False
SAU;Saudi Arabia;Arabie Saoudite;العربية السعودية;SA;IRQ,JOR,KWT,OMN,QAT,ARE,YEM;https://upload.wikimedia.org/wikipedia/commons/0/0d/Flag_of_Saudi_Arabia.svg;25.0, 45.0;Q851;False;True;True;False;False;False;False;False;True;False;False;False;True;False;False;False;False;True;https://www.diplomatie.gouv.fr/spip.php?page=mfe_imprime_fiche&id_rubrique=12199&titre=fran%C3%A7aises;https://sa.ambafrance.org/;False;False;True;False;False;https://ressources.campusfrance.org/publications/mobilite_pays/fr/arabie_saoudite_fr.pdf;iQI84;True;Indice de développement humain très élevé;BHR,LTU,PRT,LVA;False;False;True
SRB;Serbia;Serbie;Србија;RS;BIH,BGR,HRV,HUN,KOS,MKD,MNE,ROU;https://upload.wikimedia.org/wikipedia/commons/f/ff/Flag_of_Serbia.svg;44.0, 21.0;Q403;True;True;False;False;False;False;True;False;False;False;False;False;False;False;False;False;True;True;;;False;False;True;True;False;https://ressources.campusfrance.org/publications/mobilite_pays/fr/serbie_fr.pdf;nccVO;True;Indice de développement humain très élevé;MYS,GEO,MUS,THA;False;False;False
SWE;Sweden;Suède;Sverige;SE;FIN,NOR;https://upload.wikimedia.org/wikipedia/en/4/4c/Flag_of_Sweden.svg;62.0, 15.0;Q34;True;True;False;False;False;False;True;True;True;False;False;False;False;False;True;False;False;True;;;False;False;True;False;False;https://ressources.campusfrance.org/publications/mobilite_pays/fr/suede_fr.pdf;Jq17V;True;Indice de développement humain très élevé;AUS,DNK,IRL,DEU;True;False;False
SWZ;Swaziland;Eswatini;Swaziland;SZ;MOZ,ZAF;https://upload.wikimedia.org/wikipedia/commons/f/fb/Flag_of_Eswatini.svg;-26.5, 31.5;;False;False;False;False;False;False;False;False;False;False;False;True;False;False;False;True;False;True;;;False;False;False;False;False;;;;Indice de développement humain moyen;VUT,NPL,GNQ,KHM;False;False;False
THA;Thailand;Thaïlande;ประเทศไทย;TH;MMR,KHM,LAO,MYS;https://upload.wikimedia.org/wikipedia/commons/a/a9/Flag_of_Thailand.svg;15.0, 100.0;Q869;False;True;False;False;True;False;False;False;False;False;False;False;False;False;False;False;True;True;;;False;False;True;False;True;https://ressources.campusfrance.org/publications/mobilite_pays/fr/thailande_fr.pdf;yXGGx;True;Indice de développement humain très élevé;MYS,GEO,MUS,SRB;False;False;False
TJK;Tajikistan;Tadjikistan;Тоҷикистон;TJ;AFG,CHN,KGZ,UZB;https://upload.wikimedia.org/wikipedia/commons/d/d0/Flag_of_Tajikistan.svg;39.0, 71.0;Q863;False;True;False;False;False;False;True;False;False;False;True;False;False;False;False;False;False;True;;;False;False;False;True;False;;;;Indice de développement humain moyen;VEN,IRQ,BLZ,MAR;False;False;False
TKM;Turkmenistan;Turkménistan;Türkmenistan;TM;AFG,IRN,KAZ,UZB;https://upload.wikimedia.org/wikipedia/commons/1/1b/Flag_of_Turkmenistan.svg;40.0, 60.0;Q874;False;True;False;False;False;False;True;False;False;False;False;False;False;False;False;False;True;True;;;False;False;False;True;False;;;;Indice de développement humain élevé;AZE,TON,ECU,MNG;False;False;False
TUN;Tunisia;Tunisie;تونس;TN;DZA,LBY;https://upload.wikimedia.org/wikipedia/commons/c/ce/Flag_of_Tunisia.svg;34.0, 9.0;Q948;False;True;True;False;False;False;False;False;False;False;False;True;True;False;False;False;False;True;;;False;False;True;False;False;https://ressources.campusfrance.org/publications/mobilite_pays/fr/tunisie_fr.pdf;8wRAA;True;Indice de développement humain élevé;MNG,EGY,FJI,SUR;False;False;False
WSM;Samoa;Samoa;Samoa;WS;;https://upload.wikimedia.org/wikipedia/commons/3/31/Flag_of_Samoa.svg;-13.58333333, -172.33333333;Q683;False;True;False;False;True;False;False;False;False;False;False;False;False;False;False;False;True;True;;;False;False;False;False;True;;;;Indice de développement humain élevé;ZAF,JAM,GAB,LBN;False;False;False
ZMB;Zambia;Zambie;Zambia;ZM;AGO,BWA,COD,MWI,MOZ,NAM,TZA,ZWE;https://upload.wikimedia.org/wikipedia/commons/0/06/Flag_of_Zambia.svg;-15.0, 30.0;Q953;False;True;False;False;False;False;False;False;False;False;False;True;False;False;False;True;False;True;;;False;False;False;False;False;;mNO9d;True;Indice de développement humain moyen;KEN,COG,SLB,COM;False;False;False
AND;Andorra;Andorre;Andorra;AD;FRA,ESP;https://upload.wikimedia.org/wikipedia/commons/1/19/Flag_of_Andorra.svg;42.5, 1.5;Q228;True;True;False;False;False;False;True;True;True;False;False;False;False;False;False;False;False;True;https://www.diplomatie.gouv.fr/spip.php?page=mfe_imprime_fiche&id_rubrique=12197&titre=fran%C3%A7aises;https://ad.ambafrance.org/;False;False;False;False;False;;rtRqg;True;Indice de développement humain très élevé;PRT,LVA,HRV,CHL;False;False;False
ARM;Armenia;Arménie;Հայաստան;AM;AZE,GEO,IRN,TUR;https://upload.wikimedia.org/wikipedia/commons/2/2f/Flag_of_Armenia.svg;40.0, 45.0;Q399;True;True;False;False;False;False;True;False;False;False;False;False;False;False;False;False;True;True;https://www.diplomatie.gouv.fr/spip.php?page=mfe_imprime_fiche&id_rubrique=12201&titre=fran%C3%A7aises;https://am.ambafrance.org/;False;False;True;True;False;;ds6r1;True;Indice de développement humain élevé;CUB,PER,MEX,BRA;False;False;False
ATG;Antigua and Barbuda;Antigua-et-Barbuda;Antigua and Barbuda;AG;;https://upload.wikimedia.org/wikipedia/commons/8/89/Flag_of_Antigua_and_Barbuda.svg;17.05, -61.8;Q781;False;True;False;False;False;False;False;False;True;True;False;False;False;False;False;False;False;True;;;False;True;False;False;False;;;;Indice de développement humain élevé;GRD,BRB,SYC,LKA;False;False;False
AZE;Azerbaijan;Azerbaïdjan;Azərbaycan;AZ;ARM,GEO,IRN,RUS,TUR;https://upload.wikimedia.org/wikipedia/commons/d/dd/Flag_of_Azerbaijan.svg;40.5, 47.5;Q227;True;True;False;False;False;False;True;False;False;False;False;False;False;False;False;False;True;True;https://www.diplomatie.gouv.fr/spip.php?page=mfe_imprime_fiche&id_rubrique=12204&titre=fran%C3%A7aises;https://az.ambafrance.org;False;False;True;True;False;;Pf19Y;True;Indice de développement humain élevé;MDV,DZA,TON,TKM;False;False;False
BDI;Burundi;Burundi;Burundi;BI;COD,RWA,TZA;https://upload.wikimedia.org/wikipedia/commons/5/50/Flag_of_Burundi.svg;-3.5, 30.0;Q967;False;True;False;False;False;False;False;False;False;False;True;False;False;False;False;True;False;True;https://www.diplomatie.gouv.fr/spip.php?page=mfe_imprime_fiche&id_rubrique=12220&titre=fran%C3%A7aises;https://bi.ambafrance.org/;False;False;True;False;False;;8hL6k;True;Indice de développement humain faible;MOZ,MLI,CAF,NER;False;False;False
BFA;Burkina Faso;Burkina Faso;Burkina Faso;BF;BEN,CIV,GHA,MLI,NER,TGO;https://upload.wikimedia.org/wikipedia/commons/3/31/Flag_of_Burkina_Faso.svg;13.0, -2.0;Q965;False;True;False;False;False;False;False;False;False;False;True;False;False;False;False;True;False;True;https://www.diplomatie.gouv.fr/spip.php?page=mfe_imprime_fiche&id_rubrique=12217&titre=fran%C3%A7aises;https://bf.ambafrance.org/;False;False;True;False;False;;snKIz;True;Indice de développement humain faible;GIN,YEM,MOZ,MLI;False;False;False
BGD;Bangladesh;Bangladesh;Bangladesh;BD;MMR,IND;https://upload.wikimedia.org/wikipedia/commons/f/f9/Flag_of_Bangladesh.svg;24.0, 90.0;Q902;False;True;False;False;False;False;False;False;False;False;False;True;False;False;False;False;False;True;https://www.diplomatie.gouv.fr/spip.php?page=mfe_imprime_fiche&id_rubrique=12206&titre=fran%C3%A7aises;https://bd.ambafrance.org/;False;False;False;False;True;;9p6s3;True;Indice de développement humain moyen;BTN,CPV,TUV,MHL;False;False;False
BHR;Bahrain;Bahreïn;‏البحرين;BH;QAT,SAU,KWT,IRN;https://upload.wikimedia.org/wikipedia/commons/2/2c/Flag_of_Bahrain.svg;26.0, 50.55;Q398;False;True;True;False;False;False;False;False;True;False;False;False;True;False;False;False;False;True;https://www.diplomatie.gouv.fr/spip.php?page=mfe_imprime_fiche&id_rubrique=12205&titre=fran%C3%A7aises;https://bh.ambafrance.org/;False;False;True;False;False;;CCBvh;True;Indice de développement humain très élevé;GRC,POL,LTU,SAU;False;False;False
BRA;Brazil;Brésil;Brasil;BR;ARG,BOL,COL,GUF,GUY,PRY,PER,SUR,URY,VEN;https://upload.wikimedia.org/wikipedia/en/0/05/Flag_of_Brazil.svg;-10.0, -55.0;Q155;False;True;False;False;False;False;False;False;False;True;False;False;False;False;False;False;True;True;https://www.diplomatie.gouv.fr/spip.php?page=mfe_imprime_fiche&id_rubrique=12219&titre=fran%C3%A7aises;https://br.ambafrance.org;True;False;True;False;False;https://ressources.campusfrance.org/publications/mobilite_pays/fr/bresil_fr.pdf;VH0dN;True;Indice de développement humain élevé;ARM,MEX,COL,VCT;False;False;True
CHN;China;Chine;中国;CN;AFG,BTN,MMR,HKG,IND,KAZ,PRK,KGZ,LAO,MAC,MNG,PAK,RUS,TJK,VNM;https://upload.wikimedia.org/wikipedia/commons/f/fa/Flag_of_the_People%27s_Republic_of_China.svg;35.0, 105.0;Q148;False;True;False;False;True;False;False;False;False;False;False;False;False;False;False;False;True;True;https://www.diplomatie.gouv.fr/spip.php?page=mfe_imprime_fiche&id_rubrique=12226&titre=fran%C3%A7aises;https://cn.ambafrance.org/;False;False;True;False;True;https://ressources.campusfrance.org/publications/mobilite_pays/fr/chine_fr.pdf;1XGFK;True;Indice de développement humain élevé;UKR,MKD,DOM,MDA;False;False;True
COG;Congo;Congo;République du Congo;CG;AGO,CMR,CAF,COD,GAB;https://upload.wikimedia.org/wikipedia/commons/9/92/Flag_of_the_Republic_of_the_Congo.svg;-1.0, 15.0;Q35930;False;True;False;False;False;False;False;False;False;False;False;True;False;False;False;True;False;True;;;False;False;True;False;False;;nS3xf;True;Indice de développement humain moyen;CMR,KEN,ZMB,SLB;False;False;False
DEU;Germany;Allemagne;Deutschland;DE;AUT,BEL,CZE,DNK,FRA,LUX,NLD,POL,CHE;https://upload.wikimedia.org/wikipedia/en/b/ba/Flag_of_Germany.svg;51.0, 9.0;Q183;True;True;False;False;False;True;True;True;True;False;False;False;False;False;True;False;False;True;https://www.diplomatie.gouv.fr/spip.php?page=mfe_imprime_fiche&id_rubrique=12195&titre=fran%C3%A7aises;https://de.ambafrance.org/-Francais-;False;False;True;False;False;https://ressources.campusfrance.org/publications/mobilite_pays/fr/allemagne_fr.pdf;4Sr5t;True;Indice de développement humain très élevé;SWE,IRL,NLD,FIN;True;False;True
DJI;Djibouti;Djibouti;Djibouti;DJ;ERI,ETH,SOM;https://upload.wikimedia.org/wikipedia/commons/3/34/Flag_of_Djibouti.svg;11.5, 43.0;Q977;False;True;True;False;False;False;False;False;False;False;False;True;True;False;False;False;False;True;https://www.diplomatie.gouv.fr/spip.php?page=mfe_imprime_fiche&id_rubrique=12237&titre=fran%C3%A7aises;https://dj.ambafrance.org/;False;False;True;False;False;;Ovg98;True;Indice de développement humain faible;MWI,SEN,SDN,MDG;False;False;False
DMA;Dominica;Dominique;Dominica;DM;;https://upload.wikimedia.org/wikipedia/commons/c/c4/Flag_of_Dominica.svg;15.41666666, -61.33333333;;False;False;False;False;False;False;False;False;False;True;False;False;False;False;False;False;True;True;;;False;True;False;False;False;;;;Indice de développement humain élevé;SUR,UZB,JOR,LBY;False;False;False
ECU;Ecuador;Equateur;Ecuador;EC;COL,PER;https://upload.wikimedia.org/wikipedia/commons/e/e8/Flag_of_Ecuador.svg;-2.0, -77.5;Q736;False;True;False;False;False;False;False;False;False;True;False;False;False;False;False;False;True;True;https://www.diplomatie.gouv.fr/spip.php?page=mfe_imprime_fiche&id_rubrique=12241&titre=fran%C3%A7aises;https://ec.ambafrance.org/;True;False;False;False;False;;TiZ8S;True;Indice de développement humain élevé;TON,TKM,MNG,EGY;False;False;False
EST;Estonia;Estonie;Eesti;EE;LVA,RUS;https://upload.wikimedia.org/wikipedia/commons/8/8f/Flag_of_Estonia.svg;59.0, 26.0;Q191;True;True;False;True;False;True;True;True;True;False;False;False;False;False;True;False;False;True;https://www.diplomatie.gouv.fr/spip.php?page=mfe_imprime_fiche&id_rubrique=12243&titre=fran%C3%A7aises;https://ee.ambafrance.org/;False;False;True;False;False;https://ressources.campusfrance.org/publications/mobilite_pays/fr/estonie_fr.pdf;8lds6;True;Indice de développement humain très élevé;CYP,ITA,CZE,GRC;True;False;False
ETH;Ethiopia;Ethiopie;ኢትዮጵያ;ET;DJI,ERI,KEN,SOM,SSD,SDN;https://upload.wikimedia.org/wikipedia/commons/7/71/Flag_of_Ethiopia.svg;8.0, 38.0;Q115;False;True;False;False;False;False;False;False;False;False;True;False;False;False;False;True;False;True;;;False;False;True;False;False;;V5cYJ;True;Indice de développement humain faible;MDG,GMB,ERI,GNB;False;False;False
GAB;Gabon;Gabon;Gabon;GA;CMR,COG,GNQ;https://upload.wikimedia.org/wikipedia/commons/0/04/Flag_of_Gabon.svg;-1.0, 11.75;Q142;False;True;False;False;False;False;False;False;False;False;False;False;False;False;False;True;True;True;https://www.diplomatie.gouv.fr/spip.php?page=mfe_imprime_fiche&id_rubrique=12246&titre=fran%C3%A7aises;https://ga.ambafrance.org/;False;False;True;False;False;https://ressources.campusfrance.org/publications/mobilite_pays/fr/gabon_fr.pdf;2Xh6z;True;Indice de développement humain élevé;JAM,WSM,LBN,IDN;False;False;False
GMB;Gambia;Gambie;Gambia;GM;SEN;https://upload.wikimedia.org/wikipedia/commons/7/77/Flag_of_The_Gambia.svg;13.46666666, -16.56666666;Q1000;False;True;False;False;False;False;False;False;False;False;True;False;False;False;False;True;False;True;https://www.diplomatie.gouv.fr/spip.php?page=mfe_imprime_fiche&id_rubrique=12247&titre=fran%C3%A7aises;https://sn.ambafrance.org;False;False;False;False;False;;;;Indice de développement humain faible;SDN,MDG,ETH,ERI;False;False;False
GTM;Guatemala;Guatemala;Guatemala;GT;BLZ,SLV,HND,MEX;https://upload.wikimedia.org/wikipedia/commons/e/ec/Flag_of_Guatemala.svg;15.5, -90.25;Q774;False;True;False;False;False;False;False;False;False;True;False;False;False;False;False;False;True;True;https://www.diplomatie.gouv.fr/spip.php?page=mfe_imprime_fiche&id_rubrique=12254&titre=fran%C3%A7aises;https://gt.ambafrance.org/;False;True;False;False;False;;;;Indice de développement humain moyen;GHA,FSM,KIR,HND;False;False;False
GUM;Guam;Guam;Guam;GU;;https://upload.wikimedia.org/wikipedia/commons/0/07/Flag_of_Guam.svg;13.46666666, 144.78333333;;False;False;False;False;True;False;False;False;True;False;False;False;False;False;False;False;False;True;;;False;False;False;False;False;;;;;;False;False;False
HND;Honduras;Honduras;Honduras;HN;GTM,SLV,NIC;https://upload.wikimedia.org/wikipedia/commons/8/82/Flag_of_Honduras.svg;15.0, -86.5;Q783;False;True;False;False;False;False;False;False;False;True;False;True;False;False;False;False;False;True;https://www.diplomatie.gouv.fr/spip.php?page=mfe_imprime_fiche&id_rubrique=12250&titre=fran%C3%A7aises;https://hn.ambafrance.org;False;True;False;False;False;;98eBq;True;Indice de développement humain moyen;GTM,KIR,STP,NAM;False;False;False
HTI;Haiti;Haïti;Haïti;HT;DOM;https://upload.wikimedia.org/wikipedia/commons/5/56/Flag_of_Haiti.svg;19.0, -72.41666666;Q790;False;True;False;False;False;False;False;False;False;True;True;False;False;False;False;False;False;True;https://www.diplomatie.gouv.fr/spip.php?page=mfe_imprime_fiche&id_rubrique=12249&titre=fran%C3%A7aises;https://ht.ambafrance.org/;False;True;True;False;False;;273eV;True;Indice de développement humain faible;PAK,TGO,NGA,RWA;False;False;False
ISR;Israel;Israël;יִשְׂרָאֵל;IL;EGY,JOR,LBN,SYR;https://upload.wikimedia.org/wikipedia/commons/d/d4/Flag_of_Israel.svg;31.5, 34.75;Q801;False;True;False;False;False;False;False;False;True;False;False;False;True;False;True;False;False;True;https://www.diplomatie.gouv.fr/spip.php?page=mfe_imprime_fiche&id_rubrique=12265&titre=fran%C3%A7aises;https://il.ambafrance.org/;False;False;True;False;False;;asJnX;True;Indice de développement humain très élevé;KOR,USA,MLT,SVN;False;False;False
KHM;Cambodia;Cambodge;Kâmpŭchéa;KH;LAO,THA,VNM;https://upload.wikimedia.org/wikipedia/commons/8/83/Flag_of_Cambodia.svg;13.0, 105.0;Q424;False;True;False;False;True;False;False;False;False;False;False;True;False;False;False;False;False;True;;;False;False;True;False;True;https://ressources.campusfrance.org/publications/mobilite_pays/fr/cambodge_fr.pdf;EwjK8;True;Indice de développement humain moyen;SWZ,GNQ,ZWE,AGO;False;False;False
KIR;Kiribati;Kiribati;Kiribati;KI;;https://upload.wikimedia.org/wikipedia/commons/d/d3/Flag_of_Kiribati.svg;1.41666666, 173.0;;False;False;False;False;True;False;False;False;False;False;False;True;False;False;False;False;False;True;;;False;False;False;False;True;;;;Indice de développement humain moyen;FSM,GTM,HND,STP;False;False;False
KNA;Saint Kitts and Nevis;Saint-Christophe-et-Niévès;Saint Kitts and Nevis;KN;;https://upload.wikimedia.org/wikipedia/commons/f/fe/Flag_of_Saint_Kitts_and_Nevis.svg;17.33333333, -62.75;;False;False;False;False;False;False;False;False;True;True;False;False;False;False;False;False;False;True;;;False;True;False;False;False;;;;Indice de développement humain élevé;LKA,BIH,IRN,UKR;False;False;False
LBN;Lebanon;Liban;لبنان;LB;ISR,SYR;https://upload.wikimedia.org/wikipedia/commons/5/59/Flag_of_Lebanon.svg;33.83333333, 35.83333333;Q822;False;True;True;False;False;False;False;False;False;False;False;False;True;False;False;False;True;True;https://www.diplomatie.gouv.fr/spip.php?page=mfe_imprime_fiche&id_rubrique=12277&titre=fran%C3%A7aises;https://lb.ambafrance.org;False;False;True;False;False;https://ressources.campusfrance.org/publications/mobilite_pays/fr/liban_fr.pdf;EZrm4;True;Indice de développement humain élevé;WSM,GAB,IDN,VNM;False;False;False
LIE;Liechtenstein;Liechtenstein;Liechtenstein;LI;AUT,CHE;https://upload.wikimedia.org/wikipedia/commons/4/47/Flag_of_Liechtenstein.svg;47.26666666, 9.53333333;;True;False;False;False;False;False;True;True;True;False;False;False;False;False;False;False;False;True;;;False;False;False;False;False;;;;Indice de développement humain très élevé;NZL,CAN,LUX,GBR;False;False;False
MAC;Macao;Macao (Chine);澳門;MO;CHN;https://upload.wikimedia.org/wikipedia/commons/6/63/Flag_of_Macau.svg;22.16666666, 113.55;;False;False;False;False;True;False;False;False;True;False;False;False;False;False;False;False;False;True;https://www.diplomatie.gouv.fr/spip.php?page=mfe_imprime_fiche&id_rubrique=12281&titre=fran%C3%A7aises;;False;False;False;False;True;;;;;;False;False;False
MCO;Monaco;Monaco;Monaco;MC;FRA;https://upload.wikimedia.org/wikipedia/commons/e/ea/Flag_of_Monaco.svg;43.73333333, 7.4;Q235;False;True;False;False;False;False;True;True;True;False;False;False;False;False;False;False;False;True;https://www.diplomatie.gouv.fr/spip.php?page=mfe_imprime_fiche&id_rubrique=12294&titre=fran%C3%A7aises;https://mc.ambafrance.org/;False;False;False;False;False;;;;;;False;False;False
MKD;Macedonia;Macédoine du Nord;Македонија;MK;ALB,BGR,GRC,KOS,SRB;https://upload.wikimedia.org/wikipedia/commons/7/79/Flag_of_North_Macedonia.svg;41.83333333, 22.0;Q221;True;True;False;False;False;False;True;False;False;False;False;False;False;False;False;False;True;True;https://www.diplomatie.gouv.fr/spip.php?page=mfe_imprime_fiche&id_rubrique=12282&titre=fran%C3%A7aises;https://mk.ambafrance.org;False;False;True;True;False;https://ressources.campusfrance.org/publications/mobilite_pays/fr/macedoine_du_nord_fr.pdf;ii4VL;True;Indice de développement humain élevé;IRN,UKR,CHN,DOM;False;False;False
MLT;Malta;Malte;Malta;MT;ITA,TUN,LBY,GRC;https://upload.wikimedia.org/wikipedia/commons/7/73/Flag_of_Malta.svg;35.83333333, 14.58333333;Q233;True;True;False;False;False;True;False;True;True;False;False;False;True;False;False;False;False;True;https://www.diplomatie.gouv.fr/spip.php?page=mfe_imprime_fiche&id_rubrique=12288&titre=fran%C3%A7aises;https://mt.ambafrance.org/;False;False;True;False;False;https://ressources.campusfrance.org/publications/mobilite_pays/fr/malte_fr.pdf;jrqHg;True;Indice de développement humain très élevé;USA,ISR,SVN,AUT;True;False;False
MMR;Myanmar;Birmanie;Myanma;MM;BGD,CHN,IND,LAO,THA;https://upload.wikimedia.org/wikipedia/commons/8/8c/Flag_of_Myanmar.svg;22.0, 98.0;Q836;False;True;False;False;True;False;False;False;False;False;False;True;False;False;False;False;False;True;https://www.diplomatie.gouv.fr/spip.php?page=mfe_imprime_fiche&id_rubrique=12212&titre=fran%C3%A7aises;https://mm.ambafrance.org/;False;False;True;False;True;;0jhuc;True;Indice de développement humain moyen;ZWE,AGO,SYR,CMR;False;False;False
MWI;Malawi;Malawi;Malawi;MW;MOZ,TZA,ZMB;https://upload.wikimedia.org/wikipedia/commons/d/d1/Flag_of_Malawi.svg;-13.5, 34.0;Q1020;False;True;False;False;False;False;False;False;False;False;True;False;False;False;False;True;False;True;https://www.diplomatie.gouv.fr/spip.php?page=mfe_imprime_fiche&id_rubrique=12285&titre=fran%C3%A7aises;https://zw.ambafrance.org;False;False;True;False;False;;D78Z1;True;Indice de développement humain faible;UGA,LSO,SEN,DJI;False;False;False
PAK;Pakistan;Pakistan;Pakistan;PK;AFG,CHN,IND,IRN;https://upload.wikimedia.org/wikipedia/commons/3/32/Flag_of_Pakistan.svg;30.0, 70.0;Q843;False;True;False;False;False;False;False;False;False;False;False;True;False;False;False;False;False;True;;;False;False;True;False;True;;wB618;True;Indice de développement humain faible;TZA,TGO,HTI,NGA;False;False;False
PRI;Puerto Rico;Porto Rico;Puerto Rico;PR;DOM,HTI;https://upload.wikimedia.org/wikipedia/commons/2/28/Flag_of_Puerto_Rico.svg;18.25, -66.5;;False;False;False;False;False;False;False;False;True;True;False;False;False;False;False;False;False;True;;;False;False;False;False;False;;;;;;False;False;False
PRT;Portugal;Portugal;Portugal;PT;ESP;https://upload.wikimedia.org/wikipedia/commons/5/5c/Flag_of_Portugal.svg;39.5, -8.0;Q45;True;True;False;False;False;True;True;True;True;False;False;False;False;False;True;False;False;True;;;False;False;True;False;False;https://ressources.campusfrance.org/publications/mobilite_pays/fr/portugal_fr.pdf;C83JF;True;Indice de développement humain très élevé;LTU,SAU,LVA,AND;True;False;False
PRY;Paraguay;Paraguay;Paraguay;PY;ARG,BOL,BRA;https://upload.wikimedia.org/wikipedia/commons/2/27/Flag_of_Paraguay.svg;-23.0, -58.0;Q733;False;True;False;False;False;False;False;False;False;True;False;False;False;False;False;False;True;True;;;True;False;False;False;False;;;;Indice de développement humain élevé;JOR,LBY,PSE,LCA;False;False;False
QAT;Qatar;Qatar;قطر;QA;SAU;https://upload.wikimedia.org/wikipedia/commons/6/65/Flag_of_Qatar.svg;25.5, 51.25;Q846;False;True;True;False;False;False;False;False;True;False;False;False;True;False;False;False;False;True;;;False;False;True;False;False;;ce5Qq;True;Indice de développement humain très élevé;HRV,CHL,SMR,SVK;False;False;False
ROU;Romania;Roumanie;România;RO;BGR,HUN,MDA,SRB,UKR;https://upload.wikimedia.org/wikipedia/commons/7/73/Flag_of_Romania.svg;46.0, 25.0;Q218;True;True;False;True;False;False;True;True;False;False;False;False;False;False;False;False;True;True;;;False;False;True;False;False;https://ressources.campusfrance.org/publications/mobilite_pays/fr/roumanie_fr.pdf;3I5Jv;True;Indice de développement humain très élevé;BRN,RUS,OMN,BHS;True;False;False
SEN;Senegal;Sénégal;Sénégal;SN;GMB,GIN,GNB,MLI,MRT;https://upload.wikimedia.org/wikipedia/commons/f/fd/Flag_of_Senegal.svg;14.0, -14.0;Q1041;False;True;False;False;False;False;False;False;False;False;False;True;False;False;False;True;False;True;;;False;False;True;False;False;;WTx8G;True;Indice de développement humain faible;LSO,MWI,DJI,SDN;False;False;False
STP;Sao Tome and Principe;Sao Tomé-et-Principe;São Tomé e Príncipe;ST;;https://upload.wikimedia.org/wikipedia/commons/4/4f/Flag_of_Sao_Tome_and_Principe.svg;1.0, 7.0;;False;False;False;False;False;False;False;False;False;False;False;True;False;False;False;True;False;True;;;False;False;False;False;False;;;;Indice de développement humain moyen;KIR,HND,NAM,LAO;False;False;False
SVK;Slovakia;Slovaquie;Slovensko;SK;AUT,CZE,HUN,POL,UKR;https://upload.wikimedia.org/wikipedia/commons/e/e6/Flag_of_Slovakia.svg;48.66666666, 19.5;Q214;True;True;False;True;False;True;True;True;True;False;False;False;False;False;True;False;False;True;;;False;False;True;False;False;https://ressources.campusfrance.org/publications/mobilite_pays/fr/slovaquie_fr.pdf;523p2;True;Indice de développement humain très élevé;QAT,SMR,HUN,ARG;True;False;False
SVN;Slovenia;Slovénie;Slovenija;SI;AUT,HRV,ITA,HUN;https://upload.wikimedia.org/wikipedia/commons/f/f0/Flag_of_Slovenia.svg;46.11666666, 14.81666666;Q215;True;True;False;True;False;True;True;True;True;False;False;False;False;False;True;False;False;True;;;False;False;True;False;False;https://ressources.campusfrance.org/publications/mobilite_pays/fr/slovenie_fr.pdf;kEPtn;True;Indice de développement humain très élevé;ISR,MLT,AUT,ARE;True;False;False
SXM;Sint Maarten;Saint Martin (partie néerlandaise);Sint Maarten;SX;MAF;https://upload.wikimedia.org/wikipedia/commons/d/d3/Flag_of_Sint_Maarten.svg;18.033333, -63.05;;False;False;False;False;False;False;False;False;True;True;False;False;False;False;False;False;False;True;;;False;False;False;False;False;;;;;;False;False;False
TGO;Togo;Togo;Togo;TG;BEN,BFA,GHA;https://upload.wikimedia.org/wikipedia/commons/6/68/Flag_of_Togo.svg;8.0, 1.16666666;Q945;False;True;False;False;False;False;False;False;False;False;True;False;False;False;False;True;False;True;;;False;False;True;False;False;;8XdCn;True;Indice de développement humain faible;TZA,PAK,HTI,NGA;False;False;False
TON;Tonga;Tonga;Tonga;TO;;https://upload.wikimedia.org/wikipedia/commons/9/9a/Flag_of_Tonga.svg;-20.0, -175.0;Q678;False;True;False;False;True;False;False;False;False;False;False;False;False;False;False;False;True;True;;;False;False;False;False;True;;;;Indice de développement humain élevé;DZA,AZE,TKM,ECU;False;False;False
TUR;Turkey;Turquie;Türkiye;TR;ARM,AZE,BGR,GEO,GRC,IRN,IRQ,SYR;https://upload.wikimedia.org/wikipedia/commons/b/b4/Flag_of_Turkey.svg;39.0, 35.0;Q43;True;True;False;False;False;False;True;True;False;False;False;False;False;False;True;False;True;True;;;False;False;True;False;False;https://ressources.campusfrance.org/publications/mobilite_pays/fr/turquie_fr.pdf;W1caW;True;Indice de développement humain très élevé;HUN,ARG,MNE,KWT;False;False;True
TZA;Tanzania;Tanzanie;Tanzania;TZ;BDI,COD,KEN,MWI,MOZ,RWA,UGA,ZMB;https://upload.wikimedia.org/wikipedia/commons/3/38/Flag_of_Tanzania.svg;-6.0, 35.0;Q924;False;True;False;False;False;False;False;False;False;False;True;False;False;False;False;True;False;True;;;False;False;True;False;False;;;;Indice de développement humain faible;PAK,TGO,HTI,NGA;False;False;False
UKR;Ukraine;Ukraine;Україна;UA;BLR,HUN,MDA,POL,ROU,RUS,SVK;https://upload.wikimedia.org/wikipedia/commons/4/49/Flag_of_Ukraine.svg;49.0, 32.0;Q212;True;True;False;False;False;False;True;False;False;False;False;True;False;False;False;False;False;True;;;False;False;True;True;False;;lxxVs;True;Indice de développement humain élevé;KNA,IRN,MKD,CHN;False;False;False
VGB;Virgin Islands;Îles Vierges britanniques;British Virgin Islands;VG;;https://upload.wikimedia.org/wikipedia/commons/4/42/Flag_of_the_British_Virgin_Islands.svg;18.431383, -64.62305;;False;False;False;False;False;False;False;False;True;True;False;False;False;False;False;False;False;True;;;False;False;False;False;False;;;;;;False;False;False
VUT;Vanuatu;Vanuatu;Vanuatu;VU;;https://upload.wikimedia.org/wikipedia/commons/6/6e/Flag_of_Vanuatu_%28official%29.svg;-16.0, 167.0;Q686;False;True;False;False;True;False;False;False;False;False;False;True;False;False;False;False;False;True;;;False;False;True;False;True;;s8J3L;True;Indice de développement humain moyen;LAO,TLS,NPL,SWZ;False;False;False
ZAF;South Africa;Afrique du Sud;South Africa;ZA;BWA,LSO,MOZ,NAM,SWZ,ZWE;https://upload.wikimedia.org/wikipedia/commons/a/af/Flag_of_South_Africa.svg;-29.0, 24.0;Q258;False;True;False;False;False;False;False;False;False;False;False;False;False;False;False;True;True;True;https://www.diplomatie.gouv.fr/spip.php?page=mfe_imprime_fiche&id_rubrique=12193&titre=fran%C3%A7aises;https://za.ambafrance.org/-Francais-;False;False;True;False;False;https://ressources.campusfrance.org/publications/mobilite_pays/fr/afrique_du_sud_fr.pdf;9rpDA;True;Indice de développement humain élevé;LCA,GUY,JAM,WSM;False;False;True
